path,archetype
ArtemisArt/afro - afro-basaldella_1912/afro_1.jpg,15
ArtemisArt/afro - afro-basaldella_1912/afro_5.jpg,2
ArtemisArt/agutte - agutte-georgette_1867/agutte_10.jpg,14
ArtemisArt/agutte - agutte-georgette_1867/agutte_2.jpg,5
ArtemisArt/agutte - agutte-georgette_1867/agutte_6.jpg,1
ArtemisArt/albers - josef-albers_1888/albers_1.jpg,3
ArtemisArt/albers - josef-albers_1888/albers_13.jpg,13
ArtemisArt/albers - josef-albers_1888/albers_17.jpg,15
ArtemisArt/albers - josef-albers_1888/albers_3.jpg,7
ArtemisArt/albers - josef-albers_1888/albers_7.jpg,1
ArtemisArt/alechinsky - pierre-alechinsky_1927/alechinsky_2.jpg,2
ArtemisArt/alechinsky - pierre-alechinsky_1927/alechinsky_6.jpg,13
ArtemisArt/allori-a - alessandro-allori_1535/allori-a_1.jpg,15
ArtemisArt/allori-a - alessandro-allori_1535/allori-a_13.jpg,13
ArtemisArt/allori-a - alessandro-allori_1535/allori-a_17.jpg,6
ArtemisArt/allori-a - alessandro-allori_1535/allori-a_20.jpg,11
ArtemisArt/allori-a - alessandro-allori_1535/allori-a_24.jpg,1
ArtemisArt/allori-a - alessandro-allori_1535/allori-a_28.jpg,3
ArtemisArt/allori-a - alessandro-allori_1535/allori-a_31.jpg,11
ArtemisArt/allori-a - alessandro-allori_1535/allori-a_35.jpg,13
ArtemisArt/allori-a - alessandro-allori_1535/allori-a_5.jpg,2
ArtemisArt/allori-a - alessandro-allori_1535/allori-a_9.jpg,4
ArtemisArt/amiet - cuno-amiet_1868/amiet_2.jpg,10
ArtemisArt/amiet - cuno-amiet_1868/amiet_6.jpg,11
ArtemisArt/andre - albert-andre_1869/andre_1.jpg,12
ArtemisArt/andre - albert-andre_1869/andre_5.jpg,2
ArtemisArt/andre - albert-andre_1869/andre_9.jpg,4
ArtemisArt/appel - karel-appel_1921/appel_12.jpg,6
ArtemisArt/appel - karel-appel_1921/appel_16.jpg,13
ArtemisArt/appel - karel-appel_1921/appel_2.jpg,10
ArtemisArt/appel - karel-appel_1921/appel_5.jpg,6
ArtemisArt/appel - karel-appel_1921/appel_9.jpg,15
ArtemisArt/arman - armand-fernandez-dit-arman_1928/arman_3.jpg,2
ArtemisArt/arman - armand-fernandez-dit-arman_1928/arman_7.jpg,15
ArtemisArt/arp - hans-peter-wilhelm-arp-dit-jean-arp_1886/arp_10.jpg,3
ArtemisArt/arp - hans-peter-wilhelm-arp-dit-jean-arp_1886/arp_14.jpg,2
ArtemisArt/arp - hans-peter-wilhelm-arp-dit-jean-arp_1886/arp_18.jpg,8
ArtemisArt/arp - hans-peter-wilhelm-arp-dit-jean-arp_1886/arp_21.jpg,12
ArtemisArt/arp - hans-peter-wilhelm-arp-dit-jean-arp_1886/arp_3.jpg,0
ArtemisArt/arp - hans-peter-wilhelm-arp-dit-jean-arp_1886/arp_7.jpg,3
ArtemisArt/asse - genevieve-anne-marie-bodin-dite-genevieve-asse_1923/asse_2.jpg,9
ArtemisArt/asse - genevieve-anne-marie-bodin-dite-genevieve-asse_1923/asse_6.jpg,12
ArtemisArt/avril - armand-avril_1926/avril_1.jpg,10
ArtemisArt/avril - armand-avril_1926/avril_4.jpg,11
ArtemisArt/avril - armand-avril_1926/avril_8.jpg,3
ArtemisArt/backer - harriet-backer_1845/backer_11.jpg,13
ArtemisArt/backer - harriet-backer_1845/backer_15.jpg,2
ArtemisArt/backer - harriet-backer_1845/backer_19.jpg,2
ArtemisArt/backer - harriet-backer_1845/backer_22.jpg,12
ArtemisArt/backer - harriet-backer_1845/backer_26.jpg,12
ArtemisArt/backer - harriet-backer_1845/backer_3.jpg,2
ArtemisArt/backer - harriet-backer_1845/backer_33.jpg,9
ArtemisArt/backer - harriet-backer_1845/backer_37.jpg,6
ArtemisArt/backer - harriet-backer_1845/backer_7.jpg,4
ArtemisArt/bacon - francis-bacon_1909/bacon_10.jpg,2
ArtemisArt/bacon - francis-bacon_1909/bacon_14.jpg,6
ArtemisArt/bacon - francis-bacon_1909/bacon_18.jpg,12
ArtemisArt/bacon - francis-bacon_1909/bacon_21.jpg,1
ArtemisArt/bacon - francis-bacon_1909/bacon_25.jpg,9
ArtemisArt/bacon - francis-bacon_1909/bacon_29.jpg,10
ArtemisArt/bacon - francis-bacon_1909/bacon_32.jpg,13
ArtemisArt/bacon - francis-bacon_1909/bacon_36.jpg,14
ArtemisArt/bacon - francis-bacon_1909/bacon_4.jpg,4
ArtemisArt/bacon - francis-bacon_1909/bacon_43.jpg,12
ArtemisArt/bacon - francis-bacon_1909/bacon_47.jpg,0
ArtemisArt/bacon - francis-bacon_1909/bacon_50.jpg,5
ArtemisArt/bacon - francis-bacon_1909/bacon_54.jpg,7
ArtemisArt/bacon - francis-bacon_1909/bacon_58.jpg,11
ArtemisArt/bacon - francis-bacon_1909/bacon_61.jpg,3
ArtemisArt/bacon - francis-bacon_1909/bacon_65.jpg,13
ArtemisArt/bacon - francis-bacon_1909/bacon_69.jpg,10
ArtemisArt/bacon - francis-bacon_1909/bacon_72.jpg,12
ArtemisArt/bacon - francis-bacon_1909/bacon_76.jpg,6
ArtemisArt/bacon - francis-bacon_1909/bacon_8.jpg,4
ArtemisArt/bacon - francis-bacon_1909/bacon_83.jpg,1
ArtemisArt/bacon - francis-bacon_1909/bacon_9.jpg,3
ArtemisArt/balke - peder-balke_1804/balke_12.jpg,0
ArtemisArt/balke - peder-balke_1804/balke_16.jpg,11
ArtemisArt/balke - peder-balke_1804/balke_4.jpg,9
ArtemisArt/balke - peder-balke_1804/balke_8.jpg,7
ArtemisArt/baselitz - georg-baselitz_1938/baselitz_11.jpg,9
ArtemisArt/baselitz - georg-baselitz_1938/baselitz_15.jpg,13
ArtemisArt/baselitz - georg-baselitz_1938/baselitz_19.jpg,11
ArtemisArt/baselitz - georg-baselitz_1938/baselitz_22.jpg,1
ArtemisArt/baselitz - georg-baselitz_1938/baselitz_26.jpg,5
ArtemisArt/baselitz - georg-baselitz_1938/baselitz_3.jpg,4
ArtemisArt/baselitz - georg-baselitz_1938/baselitz_33.jpg,15
ArtemisArt/baselitz - georg-baselitz_1938/baselitz_4.jpg,14
ArtemisArt/baselitz - georg-baselitz_1938/baselitz_8.jpg,10
ArtemisArt/basquiat - jean-michel-basquiat_1960/basquiat_11.jpg,8
ArtemisArt/basquiat - jean-michel-basquiat_1960/basquiat_15.jpg,15
ArtemisArt/basquiat - jean-michel-basquiat_1960/basquiat_19.jpg,-1
ArtemisArt/basquiat - jean-michel-basquiat_1960/basquiat_22.jpg,3
ArtemisArt/basquiat - jean-michel-basquiat_1960/basquiat_26.jpg,6
ArtemisArt/basquiat - jean-michel-basquiat_1960/basquiat_3.jpg,8
ArtemisArt/basquiat - jean-michel-basquiat_1960/basquiat_33.jpg,11
ArtemisArt/basquiat - jean-michel-basquiat_1960/basquiat_37.jpg,2
ArtemisArt/basquiat - jean-michel-basquiat_1960/basquiat_40.jpg,10
ArtemisArt/basquiat - jean-michel-basquiat_1960/basquiat_44.jpg,1
ArtemisArt/basquiat - jean-michel-basquiat_1960/basquiat_8.jpg,10
ArtemisArt/bassano-f - francesco-bassano-le-Jeune_1549/bassano-f_11.jpg,2
ArtemisArt/bassano-f - francesco-bassano-le-Jeune_1549/bassano-f_15.jpg,7
ArtemisArt/bassano-f - francesco-bassano-le-Jeune_1549/bassano-f_19.jpg,4
ArtemisArt/bassano-f - francesco-bassano-le-Jeune_1549/bassano-f_22.jpg,1
ArtemisArt/bassano-f - francesco-bassano-le-Jeune_1549/bassano-f_6.jpg,12
ArtemisArt/bassano-j - jacopo-da-ponte-dit-bassano_1510/bassano-j_1.jpg,11
ArtemisArt/bassano-j - jacopo-da-ponte-dit-bassano_1510/bassano-j_13.jpg,6
ArtemisArt/bassano-j - jacopo-da-ponte-dit-bassano_1510/bassano-j_17.jpg,9
ArtemisArt/bassano-j - jacopo-da-ponte-dit-bassano_1510/bassano-j_20.jpg,10
ArtemisArt/bassano-j - jacopo-da-ponte-dit-bassano_1510/bassano-j_24.jpg,14
ArtemisArt/bassano-j - jacopo-da-ponte-dit-bassano_1510/bassano-j_4.jpg,4
ArtemisArt/bassano-j - jacopo-da-ponte-dit-bassano_1510/bassano-j_8.jpg,1
ArtemisArt/baudry - paul-baudry_1828/baudry_3.jpg,3
ArtemisArt/baudry - paul-baudry_1828/baudry_7.jpg,9
ArtemisArt/bazille - frederic-bazille_1841/bazille_10.jpg,7
ArtemisArt/bazille - frederic-bazille_1841/bazille_14.jpg,14
ArtemisArt/bazille - frederic-bazille_1841/bazille_18.jpg,0
ArtemisArt/bazille - frederic-bazille_1841/bazille_21.jpg,13
ArtemisArt/bazille - frederic-bazille_1841/bazille_5.jpg,14
ArtemisArt/bazille - frederic-bazille_1841/bazille_9.jpg,8
ArtemisArt/bellini - giovanni-bellini_1435/bellini_12.jpg,5
ArtemisArt/bellini - giovanni-bellini_1435/bellini_16.jpg,9
ArtemisArt/bellini - giovanni-bellini_1435/bellini_2.jpg,6
ArtemisArt/bellini - giovanni-bellini_1435/bellini_23.jpg,10
ArtemisArt/bellini - giovanni-bellini_1435/bellini_27.jpg,10
ArtemisArt/bellini - giovanni-bellini_1435/bellini_5.jpg,8
ArtemisArt/bellini - giovanni-bellini_1435/bellini_9.jpg,10
ArtemisArt/berard - christian-berard_1902/berard_2.jpg,14
ArtemisArt/berard - christian-berard_1902/berard_6.jpg,5
ArtemisArt/bergman - anna-eva-bergman_1909/bergman_1.jpg,14
ArtemisArt/bergman - anna-eva-bergman_1909/bergman_13.jpg,8
ArtemisArt/bergman - anna-eva-bergman_1909/bergman_17.jpg,7
ArtemisArt/bergman - anna-eva-bergman_1909/bergman_20.jpg,11
ArtemisArt/bergman - anna-eva-bergman_1909/bergman_24.jpg,3
ArtemisArt/bergman - anna-eva-bergman_1909/bergman_28.jpg,7
ArtemisArt/bergman - anna-eva-bergman_1909/bergman_31.jpg,1
ArtemisArt/bergman - anna-eva-bergman_1909/bergman_35.jpg,15
ArtemisArt/bergman - anna-eva-bergman_1909/bergman_39.jpg,13
ArtemisArt/bergman - anna-eva-bergman_1909/bergman_42.jpg,9
ArtemisArt/bergman - anna-eva-bergman_1909/bergman_46.jpg,14
ArtemisArt/bergman - anna-eva-bergman_1909/bergman_5.jpg,6
ArtemisArt/bergman - anna-eva-bergman_1909/bergman_53.jpg,1
ArtemisArt/bergman - anna-eva-bergman_1909/bergman_7.jpg,0
ArtemisArt/berman - eugene-berman_1899/berman_10.jpg,3
ArtemisArt/berman - eugene-berman_1899/berman_14.jpg,0
ArtemisArt/berman - eugene-berman_1899/berman_18.jpg,8
ArtemisArt/berman - eugene-berman_1899/berman_3.jpg,11
ArtemisArt/berman - eugene-berman_1899/berman_7.jpg,14
ArtemisArt/bernard - emile-bernard_1868/bernard_10.jpg,10
ArtemisArt/bernard - emile-bernard_1868/bernard_14.jpg,7
ArtemisArt/bernard - emile-bernard_1868/bernard_18.jpg,0
ArtemisArt/bernard - emile-bernard_1868/bernard_21.jpg,15
ArtemisArt/bernard - emile-bernard_1868/bernard_25.jpg,5
ArtemisArt/bernard - emile-bernard_1868/bernard_6.jpg,6
ArtemisArt/blake - william-blake_1827/blake_1.jpg,3
ArtemisArt/blake - william-blake_1827/blake_13.jpg,11
ArtemisArt/blake - william-blake_1827/blake_17.jpg,5
ArtemisArt/blake - william-blake_1827/blake_20.jpg,3
ArtemisArt/blake - william-blake_1827/blake_5.jpg,1
ArtemisArt/blake - william-blake_1827/blake_9.jpg,1
ArtemisArt/blanchard-j - jacques-blanchard_1600/blanchard-j_12.jpg,12
ArtemisArt/blanchard-j - jacques-blanchard_1600/blanchard-j_5.jpg,12
ArtemisArt/blanchard-j - jacques-blanchard_1600/blanchard-j_9.jpg,9
ArtemisArt/blanchard-m - maria-blanchard_1881/blanchard-m_3.jpg,8
ArtemisArt/blanchard-m - maria-blanchard_1881/blanchard-m_7.jpg,10
ArtemisArt/blanche - jacques-emile-blanche_1861/blanche_10.jpg,10
ArtemisArt/blanche - jacques-emile-blanche_1861/blanche_14.jpg,7
ArtemisArt/blanche - jacques-emile-blanche_1861/blanche_18.jpg,0
ArtemisArt/blanche - jacques-emile-blanche_1861/blanche_21.jpg,11
ArtemisArt/blanche - jacques-emile-blanche_1861/blanche_25.jpg,2
ArtemisArt/blanche - jacques-emile-blanche_1861/blanche_29.jpg,9
ArtemisArt/blanche - jacques-emile-blanche_1861/blanche_32.jpg,1
ArtemisArt/blanche - jacques-emile-blanche_1861/blanche_6.jpg,0
ArtemisArt/bocklin - arnold-bocklin_1827/bocklin_1.jpg,4
ArtemisArt/bocklin - arnold-bocklin_1827/bocklin_4.jpg,1
ArtemisArt/bocklin - arnold-bocklin_1827/bocklin_8.jpg,-1
ArtemisArt/boilly - louis-leopold-boilly_1761/boilly_11.jpg,1
ArtemisArt/boilly - louis-leopold-boilly_1761/boilly_15.jpg,10
ArtemisArt/boilly - louis-leopold-boilly_1761/boilly_19.jpg,10
ArtemisArt/boilly - louis-leopold-boilly_1761/boilly_22.jpg,6
ArtemisArt/boilly - louis-leopold-boilly_1761/boilly_26.jpg,13
ArtemisArt/boilly - louis-leopold-boilly_1761/boilly_3.jpg,9
ArtemisArt/boilly - louis-leopold-boilly_1761/boilly_33.jpg,12
ArtemisArt/boilly - louis-leopold-boilly_1761/boilly_37.jpg,3
ArtemisArt/boilly - louis-leopold-boilly_1761/boilly_40.jpg,10
ArtemisArt/boilly - louis-leopold-boilly_1761/boilly_44.jpg,15
ArtemisArt/boilly - louis-leopold-boilly_1761/boilly_48.jpg,3
ArtemisArt/boilly - louis-leopold-boilly_1761/boilly_51.jpg,0
ArtemisArt/boilly - louis-leopold-boilly_1761/boilly_9.jpg,3
ArtemisArt/boldini - giovanni-boldini_1842/boldini_12.jpg,13
ArtemisArt/boldini - giovanni-boldini_1842/boldini_16.jpg,1
ArtemisArt/boldini - giovanni-boldini_1842/boldini_2.jpg,2
ArtemisArt/boldini - giovanni-boldini_1842/boldini_23.jpg,9
ArtemisArt/boldini - giovanni-boldini_1842/boldini_27.jpg,14
ArtemisArt/boldini - giovanni-boldini_1842/boldini_30.jpg,9
ArtemisArt/boldini - giovanni-boldini_1842/boldini_34.jpg,15
ArtemisArt/boldini - giovanni-boldini_1842/boldini_38.jpg,14
ArtemisArt/boldini - giovanni-boldini_1842/boldini_41.jpg,8
ArtemisArt/boldini - giovanni-boldini_1842/boldini_45.jpg,15
ArtemisArt/boldini - giovanni-boldini_1842/boldini_49.jpg,10
ArtemisArt/boldini - giovanni-boldini_1842/boldini_52.jpg,7
ArtemisArt/boldini - giovanni-boldini_1842/boldini_7.jpg,1
ArtemisArt/bonechi - lorenzo-bonechi_1955/bonechi_10.jpg,7
ArtemisArt/bonechi - lorenzo-bonechi_1955/bonechi_14.jpg,9
ArtemisArt/bonechi - lorenzo-bonechi_1955/bonechi_18.jpg,8
ArtemisArt/bonechi - lorenzo-bonechi_1955/bonechi_21.jpg,2
ArtemisArt/bonechi - lorenzo-bonechi_1955/bonechi_25.jpg,9
ArtemisArt/bonechi - lorenzo-bonechi_1955/bonechi_5.jpg,5
ArtemisArt/bonechi - lorenzo-bonechi_1955/bonechi_9.jpg,0
ArtemisArt/bonheur - marie-rosalie-bonheur-dite-rosa_1822/bonheur_2.jpg,10
ArtemisArt/bonheur - marie-rosalie-bonheur-dite-rosa_1822/bonheur_6.jpg,1
ArtemisArt/bonington - richard-parkes-bonington_1802/bonington_1.jpg,1
ArtemisArt/bonington - richard-parkes-bonington_1802/bonington_4.jpg,13
ArtemisArt/bonington - richard-parkes-bonington_1802/bonington_8.jpg,13
ArtemisArt/bonnard - pierre-bonnard_1867/bonnard_11.jpg,8
ArtemisArt/bonnard - pierre-bonnard_1867/bonnard_15.jpg,11
ArtemisArt/bonnard - pierre-bonnard_1867/bonnard_19.jpg,0
ArtemisArt/bonnard - pierre-bonnard_1867/bonnard_22.jpg,7
ArtemisArt/bonnard - pierre-bonnard_1867/bonnard_26.jpg,11
ArtemisArt/bonnard - pierre-bonnard_1867/bonnard_3.jpg,0
ArtemisArt/bonnard - pierre-bonnard_1867/bonnard_33.jpg,3
ArtemisArt/bonnard - pierre-bonnard_1867/bonnard_37.jpg,1
ArtemisArt/bonnard - pierre-bonnard_1867/bonnard_40.jpg,8
ArtemisArt/bonnard - pierre-bonnard_1867/bonnard_44.jpg,5
ArtemisArt/bonnard - pierre-bonnard_1867/bonnard_48.jpg,4
ArtemisArt/bonnard - pierre-bonnard_1867/bonnard_51.jpg,2
ArtemisArt/bonnard - pierre-bonnard_1867/bonnard_55.jpg,11
ArtemisArt/bonnard - pierre-bonnard_1867/bonnard_59.jpg,6
ArtemisArt/bonnard - pierre-bonnard_1867/bonnard_62.jpg,6
ArtemisArt/bonnard - pierre-bonnard_1867/bonnard_66.jpg,12
ArtemisArt/bonnard - pierre-bonnard_1867/bonnard_7.jpg,0
ArtemisArt/bonnard - pierre-bonnard_1867/bonnard_8.jpg,5
ArtemisArt/bonnat - leon-bonnat_1833/bonnat_11.jpg,11
ArtemisArt/bonnat - leon-bonnat_1833/bonnat_15.jpg,1
ArtemisArt/bonnat - leon-bonnat_1833/bonnat_4.jpg,13
ArtemisArt/bonnat - leon-bonnat_1833/bonnat_8.jpg,9
ArtemisArt/bosch - jerome-bosch_1450/bosch_11.jpg,11
ArtemisArt/bosch - jerome-bosch_1450/bosch_15.jpg,10
ArtemisArt/bosch - jerome-bosch_1450/bosch_19.jpg,15
ArtemisArt/bosch - jerome-bosch_1450/bosch_22.jpg,5
ArtemisArt/bosch - jerome-bosch_1450/bosch_26.jpg,7
ArtemisArt/bosch - jerome-bosch_1450/bosch_3.jpg,11
ArtemisArt/bosch - jerome-bosch_1450/bosch_33.jpg,4
ArtemisArt/bosch - jerome-bosch_1450/bosch_4.jpg,11
ArtemisArt/bosch - jerome-bosch_1450/bosch_8.jpg,2
ArtemisArt/botticelli - alessandro-filipepi-dit-sandro-botticelli_1444/botticelli_11.jpg,8
ArtemisArt/botticelli - alessandro-filipepi-dit-sandro-botticelli_1444/botticelli_15.jpg,9
ArtemisArt/botticelli - alessandro-filipepi-dit-sandro-botticelli_1444/botticelli_19.jpg,15
ArtemisArt/botticelli - alessandro-filipepi-dit-sandro-botticelli_1444/botticelli_22.jpg,3
ArtemisArt/botticelli - alessandro-filipepi-dit-sandro-botticelli_1444/botticelli_26.jpg,13
ArtemisArt/botticelli - alessandro-filipepi-dit-sandro-botticelli_1444/botticelli_3.jpg,12
ArtemisArt/botticelli - alessandro-filipepi-dit-sandro-botticelli_1444/botticelli_33.jpg,10
ArtemisArt/botticelli - alessandro-filipepi-dit-sandro-botticelli_1444/botticelli_37.jpg,8
ArtemisArt/botticelli - alessandro-filipepi-dit-sandro-botticelli_1444/botticelli_40.jpg,3
ArtemisArt/botticelli - alessandro-filipepi-dit-sandro-botticelli_1444/botticelli_44.jpg,14
ArtemisArt/botticelli - alessandro-filipepi-dit-sandro-botticelli_1444/botticelli_48.jpg,10
ArtemisArt/botticelli - alessandro-filipepi-dit-sandro-botticelli_1444/botticelli_51.jpg,3
ArtemisArt/botticelli - alessandro-filipepi-dit-sandro-botticelli_1444/botticelli_55.jpg,7
ArtemisArt/botticelli - alessandro-filipepi-dit-sandro-botticelli_1444/botticelli_59.jpg,15
ArtemisArt/botticelli - alessandro-filipepi-dit-sandro-botticelli_1444/botticelli_62.jpg,7
ArtemisArt/botticelli - alessandro-filipepi-dit-sandro-botticelli_1444/botticelli_66.jpg,4
ArtemisArt/botticelli - alessandro-filipepi-dit-sandro-botticelli_1444/botticelli_7.jpg,4
ArtemisArt/botticelli - alessandro-filipepi-dit-sandro-botticelli_1444/botticelli_73.jpg,13
ArtemisArt/botticelli - alessandro-filipepi-dit-sandro-botticelli_1444/botticelli_77.jpg,13
ArtemisArt/botticelli - alessandro-filipepi-dit-sandro-botticelli_1444/botticelli_80.jpg,15
ArtemisArt/botticelli - alessandro-filipepi-dit-sandro-botticelli_1444/botticelli_84.jpg,13
ArtemisArt/botticini - francesco-botticini_1446/botticini_1.jpg,7
ArtemisArt/botticini - francesco-botticini_1446/botticini_2.jpg,15
ArtemisArt/botticini - francesco-botticini_1446/botticini_6.jpg,2
ArtemisArt/boucher - francois-boucher_1703/boucher_1.jpg,3
ArtemisArt/boucher - francois-boucher_1703/boucher_13.jpg,6
ArtemisArt/boucher - francois-boucher_1703/boucher_17.jpg,4
ArtemisArt/boucher - francois-boucher_1703/boucher_20.jpg,10
ArtemisArt/boucher - francois-boucher_1703/boucher_24.jpg,13
ArtemisArt/boucher - francois-boucher_1703/boucher_28.jpg,7
ArtemisArt/boucher - francois-boucher_1703/boucher_31.jpg,3
ArtemisArt/boucher - francois-boucher_1703/boucher_35.jpg,10
ArtemisArt/boucher - francois-boucher_1703/boucher_39.jpg,2
ArtemisArt/boucher - francois-boucher_1703/boucher_42.jpg,5
ArtemisArt/boucher - francois-boucher_1703/boucher_46.jpg,1
ArtemisArt/boucher - francois-boucher_1703/boucher_5.jpg,9
ArtemisArt/boucher - francois-boucher_1703/boucher_53.jpg,13
ArtemisArt/boucher - francois-boucher_1703/boucher_57.jpg,11
ArtemisArt/boucher - francois-boucher_1703/boucher_60.jpg,15
ArtemisArt/boucher - francois-boucher_1703/boucher_64.jpg,15
ArtemisArt/boucher - francois-boucher_1703/boucher_8.jpg,14
ArtemisArt/boudin - eugene-boudin_1824/boudin_11.jpg,1
ArtemisArt/boudin - eugene-boudin_1824/boudin_15.jpg,12
ArtemisArt/boudin - eugene-boudin_1824/boudin_19.jpg,7
ArtemisArt/boudin - eugene-boudin_1824/boudin_22.jpg,6
ArtemisArt/boudin - eugene-boudin_1824/boudin_26.jpg,8
ArtemisArt/boudin - eugene-boudin_1824/boudin_3.jpg,12
ArtemisArt/boudin - eugene-boudin_1824/boudin_33.jpg,3
ArtemisArt/boudin - eugene-boudin_1824/boudin_37.jpg,13
ArtemisArt/boudin - eugene-boudin_1824/boudin_40.jpg,6
ArtemisArt/boudin - eugene-boudin_1824/boudin_44.jpg,10
ArtemisArt/boudin - eugene-boudin_1824/boudin_48.jpg,8
ArtemisArt/boudin - eugene-boudin_1824/boudin_7.jpg,9
ArtemisArt/bouguereau - william-bouguereau_1825/bouguereau_10.jpg,10
ArtemisArt/bouguereau - william-bouguereau_1825/bouguereau_3.jpg,5
ArtemisArt/bouguereau - william-bouguereau_1825/bouguereau_7.jpg,6
ArtemisArt/bouts - dirk-bouts-l-ancien_1420/bouts_10.jpg,14
ArtemisArt/bouts - dirk-bouts-l-ancien_1420/bouts_3.jpg,10
ArtemisArt/bouts - dirk-bouts-l-ancien_1420/bouts_7.jpg,2
ArtemisArt/braque - georges-braque_1882/braque_10.jpg,4
ArtemisArt/braque - georges-braque_1882/braque_14.jpg,5
ArtemisArt/braque - georges-braque_1882/braque_18.jpg,14
ArtemisArt/braque - georges-braque_1882/braque_21.jpg,5
ArtemisArt/braque - georges-braque_1882/braque_25.jpg,3
ArtemisArt/braque - georges-braque_1882/braque_29.jpg,3
ArtemisArt/braque - georges-braque_1882/braque_32.jpg,15
ArtemisArt/braque - georges-braque_1882/braque_36.jpg,8
ArtemisArt/braque - georges-braque_1882/braque_4.jpg,6
ArtemisArt/braque - georges-braque_1882/braque_6.jpg,14
ArtemisArt/brauner - victor-brauner_1903/brauner_1.jpg,13
ArtemisArt/brauner - victor-brauner_1903/brauner_13.jpg,11
ArtemisArt/brauner - victor-brauner_1903/brauner_17.jpg,8
ArtemisArt/brauner - victor-brauner_1903/brauner_20.jpg,0
ArtemisArt/brauner - victor-brauner_1903/brauner_24.jpg,1
ArtemisArt/brauner - victor-brauner_1903/brauner_28.jpg,12
ArtemisArt/brauner - victor-brauner_1903/brauner_31.jpg,0
ArtemisArt/brauner - victor-brauner_1903/brauner_35.jpg,1
ArtemisArt/brauner - victor-brauner_1903/brauner_39.jpg,10
ArtemisArt/brauner - victor-brauner_1903/brauner_42.jpg,14
ArtemisArt/brauner - victor-brauner_1903/brauner_46.jpg,4
ArtemisArt/brauner - victor-brauner_1903/brauner_5.jpg,3
ArtemisArt/brauner - victor-brauner_1903/brauner_8.jpg,3
ArtemisArt/bronzino - agnolo-di-cosimi-dit-bronzino_1503/bronzino_11.jpg,2
ArtemisArt/bronzino - agnolo-di-cosimi-dit-bronzino_1503/bronzino_15.jpg,6
ArtemisArt/bronzino - agnolo-di-cosimi-dit-bronzino_1503/bronzino_19.jpg,4
ArtemisArt/bronzino - agnolo-di-cosimi-dit-bronzino_1503/bronzino_22.jpg,8
ArtemisArt/bronzino - agnolo-di-cosimi-dit-bronzino_1503/bronzino_26.jpg,14
ArtemisArt/bronzino - agnolo-di-cosimi-dit-bronzino_1503/bronzino_3.jpg,11
ArtemisArt/bronzino - agnolo-di-cosimi-dit-bronzino_1503/bronzino_33.jpg,13
ArtemisArt/bronzino - agnolo-di-cosimi-dit-bronzino_1503/bronzino_37.jpg,15
ArtemisArt/bronzino - agnolo-di-cosimi-dit-bronzino_1503/bronzino_40.jpg,13
ArtemisArt/bronzino - agnolo-di-cosimi-dit-bronzino_1503/bronzino_44.jpg,8
ArtemisArt/bronzino - agnolo-di-cosimi-dit-bronzino_1503/bronzino_48.jpg,9
ArtemisArt/bronzino - agnolo-di-cosimi-dit-bronzino_1503/bronzino_8.jpg,15
ArtemisArt/brueghel-j - jan-brueghel-l-ancien-dit-de-velours_1568/brueghel-j-I_11.jpg,8
ArtemisArt/brueghel-j - jan-brueghel-l-ancien-dit-de-velours_1568/brueghel-j-I_15.jpg,10
ArtemisArt/brueghel-j - jan-brueghel-l-ancien-dit-de-velours_1568/brueghel-j-I_19.jpg,13
ArtemisArt/brueghel-j - jan-brueghel-l-ancien-dit-de-velours_1568/brueghel-j-I_22.jpg,3
ArtemisArt/brueghel-j - jan-brueghel-l-ancien-dit-de-velours_1568/brueghel-j-I_26.jpg,2
ArtemisArt/brueghel-j - jan-brueghel-l-ancien-dit-de-velours_1568/brueghel-j-I_3.jpg,9
ArtemisArt/brueghel-j - jan-brueghel-l-ancien-dit-de-velours_1568/brueghel-j-I_33.jpg,2
ArtemisArt/brueghel-j - jan-brueghel-l-ancien-dit-de-velours_1568/brueghel-j-I_6.jpg,0
ArtemisArt/brueghel-p - pieter-brueghel-II_1564/brueghel-p_1.jpg,2
ArtemisArt/brueghel-p - pieter-brueghel-II_1564/brueghel-p_13.jpg,11
ArtemisArt/brueghel-p - pieter-brueghel-II_1564/brueghel-p_17.jpg,1
ArtemisArt/brueghel-p - pieter-brueghel-II_1564/brueghel-p_20.jpg,1
ArtemisArt/brueghel-p - pieter-brueghel-II_1564/brueghel-p_24.jpg,15
ArtemisArt/brueghel-p - pieter-brueghel-II_1564/brueghel-p_28.jpg,10
ArtemisArt/brueghel-p - pieter-brueghel-II_1564/brueghel-p_31.jpg,1
ArtemisArt/brueghel-p - pieter-brueghel-II_1564/brueghel-p_35.jpg,4
ArtemisArt/brueghel-p - pieter-brueghel-II_1564/brueghel-p_39.jpg,6
ArtemisArt/brueghel-p - pieter-brueghel-II_1564/brueghel-p_42.jpg,9
ArtemisArt/brueghel-p - pieter-brueghel-II_1564/brueghel-p_5.jpg,10
ArtemisArt/brueghel-p - pieter-brueghel-II_1564/brueghel-p_9.jpg,7
ArtemisArt/burne-jones - edward-coley-burne-jones_1833/burne-jones_4.jpg,1
ArtemisArt/burne-jones - edward-coley-burne-jones_1833/burne-jones_8.jpg,0
ArtemisArt/burri - alberto-burri_1915/burri_11.jpg,7
ArtemisArt/burri - alberto-burri_1915/burri_15.jpg,14
ArtemisArt/burri - alberto-burri_1915/burri_4.jpg,3
ArtemisArt/burri - alberto-burri_1915/burri_8.jpg,7
ArtemisArt/camoin - charles-camoin_1879/camoin_11.jpg,1
ArtemisArt/camoin - charles-camoin_1879/camoin_15.jpg,14
ArtemisArt/camoin - charles-camoin_1879/camoin_19.jpg,2
ArtemisArt/camoin - charles-camoin_1879/camoin_22.jpg,12
ArtemisArt/camoin - charles-camoin_1879/camoin_26.jpg,15
ArtemisArt/camoin - charles-camoin_1879/camoin_3.jpg,13
ArtemisArt/camoin - charles-camoin_1879/camoin_33.jpg,3
ArtemisArt/camoin - charles-camoin_1879/camoin_5.jpg,3
ArtemisArt/camoin - charles-camoin_1879/camoin_9.jpg,14
ArtemisArt/canaletto - giovanni-antonio-canal_1697/canaletto_12.jpg,0
ArtemisArt/canaletto - giovanni-antonio-canal_1697/canaletto_16.jpg,13
ArtemisArt/canaletto - giovanni-antonio-canal_1697/canaletto_2.jpg,2
ArtemisArt/canaletto - giovanni-antonio-canal_1697/canaletto_23.jpg,13
ArtemisArt/canaletto - giovanni-antonio-canal_1697/canaletto_27.jpg,9
ArtemisArt/canaletto - giovanni-antonio-canal_1697/canaletto_30.jpg,0
ArtemisArt/canaletto - giovanni-antonio-canal_1697/canaletto_34.jpg,15
ArtemisArt/canaletto - giovanni-antonio-canal_1697/canaletto_6.jpg,13
ArtemisArt/caravaggio - michelangelo-da-caravaggio_1571/caravaggio_1.jpg,8
ArtemisArt/caravaggio - michelangelo-da-caravaggio_1571/caravaggio_13.jpg,10
ArtemisArt/caravaggio - michelangelo-da-caravaggio_1571/caravaggio_17.jpg,2
ArtemisArt/caravaggio - michelangelo-da-caravaggio_1571/caravaggio_20.jpg,15
ArtemisArt/caravaggio - michelangelo-da-caravaggio_1571/caravaggio_24.jpg,5
ArtemisArt/caravaggio - michelangelo-da-caravaggio_1571/caravaggio_28.jpg,15
ArtemisArt/caravaggio - michelangelo-da-caravaggio_1571/caravaggio_31.jpg,2
ArtemisArt/caravaggio - michelangelo-da-caravaggio_1571/caravaggio_35.jpg,5
ArtemisArt/caravaggio - michelangelo-da-caravaggio_1571/caravaggio_39.jpg,14
ArtemisArt/caravaggio - michelangelo-da-caravaggio_1571/caravaggio_42.jpg,14
ArtemisArt/caravaggio - michelangelo-da-caravaggio_1571/caravaggio_46.jpg,2
ArtemisArt/caravaggio - michelangelo-da-caravaggio_1571/caravaggio_5.jpg,3
ArtemisArt/caravaggio - michelangelo-da-caravaggio_1571/caravaggio_53.jpg,3
ArtemisArt/caravaggio - michelangelo-da-caravaggio_1571/caravaggio_57.jpg,10
ArtemisArt/caravaggio - michelangelo-da-caravaggio_1571/caravaggio_9.jpg,6
ArtemisArt/carolus-duran - charles-durant-dit-carolus-duran_1837/carolus-duran_12.jpg,9
ArtemisArt/carolus-duran - charles-durant-dit-carolus-duran_1837/carolus-duran_16.jpg,0
ArtemisArt/carolus-duran - charles-durant-dit-carolus-duran_1837/carolus-duran_4.jpg,4
ArtemisArt/carolus-duran - charles-durant-dit-carolus-duran_1837/carolus-duran_8.jpg,11
ArtemisArt/carrache-a - annibale-carracci_1560/carrache-a_11.jpg,11
ArtemisArt/carrache-a - annibale-carracci_1560/carrache-a_15.jpg,0
ArtemisArt/carrache-a - annibale-carracci_1560/carrache-a_19.jpg,1
ArtemisArt/carrache-a - annibale-carracci_1560/carrache-a_22.jpg,6
ArtemisArt/carrache-a - annibale-carracci_1560/carrache-a_26.jpg,15
ArtemisArt/carrache-a - annibale-carracci_1560/carrache-a_3.jpg,14
ArtemisArt/carrache-a - annibale-carracci_1560/carrache-a_6.jpg,8
ArtemisArt/carriere - eugene-carriere_1849/carriere_1.jpg,5
ArtemisArt/carriere - eugene-carriere_1849/carriere_13.jpg,4
ArtemisArt/carriere - eugene-carriere_1849/carriere_17.jpg,2
ArtemisArt/carriere - eugene-carriere_1849/carriere_5.jpg,13
ArtemisArt/carriere - eugene-carriere_1849/carriere_9.jpg,11
ArtemisArt/carrington - leonora-carrington_1917/carrington_12.jpg,12
ArtemisArt/carrington - leonora-carrington_1917/carrington_16.jpg,5
ArtemisArt/carrington - leonora-carrington_1917/carrington_2.jpg,8
ArtemisArt/carrington - leonora-carrington_1917/carrington_23.jpg,8
ArtemisArt/carrington - leonora-carrington_1917/carrington_27.jpg,15
ArtemisArt/carrington - leonora-carrington_1917/carrington_30.jpg,6
ArtemisArt/carrington - leonora-carrington_1917/carrington_34.jpg,13
ArtemisArt/carrington - leonora-carrington_1917/carrington_38.jpg,9
ArtemisArt/carrington - leonora-carrington_1917/carrington_41.jpg,11
ArtemisArt/carrington - leonora-carrington_1917/carrington_45.jpg,13
ArtemisArt/carrington - leonora-carrington_1917/carrington_49.jpg,4
ArtemisArt/carrington - leonora-carrington_1917/carrington_52.jpg,11
ArtemisArt/carrington - leonora-carrington_1917/carrington_56.jpg,15
ArtemisArt/carrington - leonora-carrington_1917/carrington_6.jpg,2
ArtemisArt/carrington - leonora-carrington_1917/carrington_8.jpg,12
ArtemisArt/cavalier-d-arpin - giuseppe-cesari_1568/cavalier-d-arpin_11.jpg,2
ArtemisArt/cavalier-d-arpin - giuseppe-cesari_1568/cavalier-d-arpin_4.jpg,0
ArtemisArt/cavalier-d-arpin - giuseppe-cesari_1568/cavalier-d-arpin_8.jpg,4
ArtemisArt/cezanne - paul-cezanne_1839/cezanne_100.jpg,10
ArtemisArt/cezanne - paul-cezanne_1839/cezanne_104.jpg,13
ArtemisArt/cezanne - paul-cezanne_1839/cezanne_108.jpg,1
ArtemisArt/cezanne - paul-cezanne_1839/cezanne_13.jpg,13
ArtemisArt/cezanne - paul-cezanne_1839/cezanne_17.jpg,8
ArtemisArt/cezanne - paul-cezanne_1839/cezanne_20.jpg,1
ArtemisArt/cezanne - paul-cezanne_1839/cezanne_24.jpg,1
ArtemisArt/cezanne - paul-cezanne_1839/cezanne_28.jpg,8
ArtemisArt/cezanne - paul-cezanne_1839/cezanne_31.jpg,-1
ArtemisArt/cezanne - paul-cezanne_1839/cezanne_35.jpg,15
ArtemisArt/cezanne - paul-cezanne_1839/cezanne_39.jpg,12
ArtemisArt/cezanne - paul-cezanne_1839/cezanne_42.jpg,0
ArtemisArt/cezanne - paul-cezanne_1839/cezanne_46.jpg,10
ArtemisArt/cezanne - paul-cezanne_1839/cezanne_5.jpg,-1
ArtemisArt/cezanne - paul-cezanne_1839/cezanne_53.jpg,15
ArtemisArt/cezanne - paul-cezanne_1839/cezanne_57.jpg,2
ArtemisArt/cezanne - paul-cezanne_1839/cezanne_60.jpg,7
ArtemisArt/cezanne - paul-cezanne_1839/cezanne_64.jpg,14
ArtemisArt/cezanne - paul-cezanne_1839/cezanne_68.jpg,10
ArtemisArt/cezanne - paul-cezanne_1839/cezanne_71.jpg,6
ArtemisArt/cezanne - paul-cezanne_1839/cezanne_75.jpg,2
ArtemisArt/cezanne - paul-cezanne_1839/cezanne_79.jpg,7
ArtemisArt/cezanne - paul-cezanne_1839/cezanne_82.jpg,4
ArtemisArt/cezanne - paul-cezanne_1839/cezanne_86.jpg,7
ArtemisArt/cezanne - paul-cezanne_1839/cezanne_9.jpg,15
ArtemisArt/cezanne - paul-cezanne_1839/cezanne_93.jpg,5
ArtemisArt/cezanne - paul-cezanne_1839/cezanne_97.jpg,14
ArtemisArt/chagall - marc-chagall_1887/chagall_10.jpg,7
ArtemisArt/chagall - marc-chagall_1887/chagall_14.jpg,12
ArtemisArt/chagall - marc-chagall_1887/chagall_18.jpg,13
ArtemisArt/chagall - marc-chagall_1887/chagall_21.jpg,4
ArtemisArt/chagall - marc-chagall_1887/chagall_25.jpg,0
ArtemisArt/chagall - marc-chagall_1887/chagall_29.jpg,1
ArtemisArt/chagall - marc-chagall_1887/chagall_32.jpg,7
ArtemisArt/chagall - marc-chagall_1887/chagall_36.jpg,2
ArtemisArt/chagall - marc-chagall_1887/chagall_4.jpg,13
ArtemisArt/chagall - marc-chagall_1887/chagall_43.jpg,11
ArtemisArt/chagall - marc-chagall_1887/chagall_47.jpg,11
ArtemisArt/chagall - marc-chagall_1887/chagall_50.jpg,9
ArtemisArt/chagall - marc-chagall_1887/chagall_54.jpg,12
ArtemisArt/chagall - marc-chagall_1887/chagall_8.jpg,15
ArtemisArt/chaissac - gaston-chaissac_1910/chaissac_3.jpg,7
ArtemisArt/chaissac - gaston-chaissac_1910/chaissac_7.jpg,11
ArtemisArt/champaigne - philippe-de-champaigne_1602/champaigne_10.jpg,10
ArtemisArt/champaigne - philippe-de-champaigne_1602/champaigne_14.jpg,12
ArtemisArt/champaigne - philippe-de-champaigne_1602/champaigne_18.jpg,6
ArtemisArt/champaigne - philippe-de-champaigne_1602/champaigne_21.jpg,7
ArtemisArt/champaigne - philippe-de-champaigne_1602/champaigne_25.jpg,12
ArtemisArt/champaigne - philippe-de-champaigne_1602/champaigne_29.jpg,14
ArtemisArt/champaigne - philippe-de-champaigne_1602/champaigne_32.jpg,3
ArtemisArt/champaigne - philippe-de-champaigne_1602/champaigne_36.jpg,9
ArtemisArt/champaigne - philippe-de-champaigne_1602/champaigne_4.jpg,3
ArtemisArt/champaigne - philippe-de-champaigne_1602/champaigne_43.jpg,2
ArtemisArt/champaigne - philippe-de-champaigne_1602/champaigne_47.jpg,0
ArtemisArt/champaigne - philippe-de-champaigne_1602/champaigne_50.jpg,2
ArtemisArt/champaigne - philippe-de-champaigne_1602/champaigne_54.jpg,7
ArtemisArt/champaigne - philippe-de-champaigne_1602/champaigne_58.jpg,6
ArtemisArt/champaigne - philippe-de-champaigne_1602/champaigne_61.jpg,8
ArtemisArt/champaigne - philippe-de-champaigne_1602/champaigne_8.jpg,3
ArtemisArt/chardin - jean-baptiste-chardin_1699/chardin_11.jpg,8
ArtemisArt/chardin - jean-baptiste-chardin_1699/chardin_15.jpg,7
ArtemisArt/chardin - jean-baptiste-chardin_1699/chardin_19.jpg,8
ArtemisArt/chardin - jean-baptiste-chardin_1699/chardin_22.jpg,4
ArtemisArt/chardin - jean-baptiste-chardin_1699/chardin_26.jpg,7
ArtemisArt/chardin - jean-baptiste-chardin_1699/chardin_3.jpg,11
ArtemisArt/chardin - jean-baptiste-chardin_1699/chardin_33.jpg,9
ArtemisArt/chardin - jean-baptiste-chardin_1699/chardin_37.jpg,1
ArtemisArt/chardin - jean-baptiste-chardin_1699/chardin_40.jpg,14
ArtemisArt/chardin - jean-baptiste-chardin_1699/chardin_44.jpg,15
ArtemisArt/chardin - jean-baptiste-chardin_1699/chardin_48.jpg,4
ArtemisArt/chardin - jean-baptiste-chardin_1699/chardin_51.jpg,2
ArtemisArt/chardin - jean-baptiste-chardin_1699/chardin_55.jpg,10
ArtemisArt/chardin - jean-baptiste-chardin_1699/chardin_6.jpg,14
ArtemisArt/chasseriau - theodore-chasseriau_1819/chasseriau_1.jpg,14
ArtemisArt/chasseriau - theodore-chasseriau_1819/chasseriau_13.jpg,2
ArtemisArt/chasseriau - theodore-chasseriau_1819/chasseriau_17.jpg,0
ArtemisArt/chasseriau - theodore-chasseriau_1819/chasseriau_20.jpg,7
ArtemisArt/chasseriau - theodore-chasseriau_1819/chasseriau_24.jpg,12
ArtemisArt/chasseriau - theodore-chasseriau_1819/chasseriau_28.jpg,4
ArtemisArt/chasseriau - theodore-chasseriau_1819/chasseriau_31.jpg,14
ArtemisArt/chasseriau - theodore-chasseriau_1819/chasseriau_35.jpg,14
ArtemisArt/chasseriau - theodore-chasseriau_1819/chasseriau_5.jpg,1
ArtemisArt/chasseriau - theodore-chasseriau_1819/chasseriau_9.jpg,2
ArtemisArt/chirico - giorgio-de-chirico_1886/chirico_12.jpg,4
ArtemisArt/chirico - giorgio-de-chirico_1886/chirico_16.jpg,6
ArtemisArt/chirico - giorgio-de-chirico_1886/chirico_2.jpg,5
ArtemisArt/chirico - giorgio-de-chirico_1886/chirico_23.jpg,7
ArtemisArt/chirico - giorgio-de-chirico_1886/chirico_27.jpg,2
ArtemisArt/chirico - giorgio-de-chirico_1886/chirico_30.jpg,4
ArtemisArt/chirico - giorgio-de-chirico_1886/chirico_34.jpg,13
ArtemisArt/chirico - giorgio-de-chirico_1886/chirico_38.jpg,15
ArtemisArt/chirico - giorgio-de-chirico_1886/chirico_41.jpg,4
ArtemisArt/chirico - giorgio-de-chirico_1886/chirico_7.jpg,-1
ArtemisArt/cimabue - cenni-di-pepo-dit-cimabue_1240/cimabue_10.jpg,3
ArtemisArt/cimabue - cenni-di-pepo-dit-cimabue_1240/cimabue_14.jpg,2
ArtemisArt/cimabue - cenni-di-pepo-dit-cimabue_1240/cimabue_5.jpg,10
ArtemisArt/cimabue - cenni-di-pepo-dit-cimabue_1240/cimabue_9.jpg,10
ArtemisArt/ciseri - antonio-ciseri_1821/ciseri_12.jpg,15
ArtemisArt/ciseri - antonio-ciseri_1821/ciseri_16.jpg,12
ArtemisArt/ciseri - antonio-ciseri_1821/ciseri_5.jpg,6
ArtemisArt/ciseri - antonio-ciseri_1821/ciseri_9.jpg,7
ArtemisArt/clouet-f - francois-clouet-et-son-atelier_1505/clouet-f_12.jpg,12
ArtemisArt/clouet-f - francois-clouet-et-son-atelier_1505/clouet-f_16.jpg,6
ArtemisArt/clouet-f - francois-clouet-et-son-atelier_1505/clouet-f_2.jpg,5
ArtemisArt/clouet-f - francois-clouet-et-son-atelier_1505/clouet-f_23.jpg,9
ArtemisArt/clouet-f - francois-clouet-et-son-atelier_1505/clouet-f_27.jpg,10
ArtemisArt/clouet-f - francois-clouet-et-son-atelier_1505/clouet-f_30.jpg,5
ArtemisArt/clouet-f - francois-clouet-et-son-atelier_1505/clouet-f_34.jpg,0
ArtemisArt/clouet-f - francois-clouet-et-son-atelier_1505/clouet-f_38.jpg,12
ArtemisArt/clouet-f - francois-clouet-et-son-atelier_1505/clouet-f_41.jpg,5
ArtemisArt/clouet-f - francois-clouet-et-son-atelier_1505/clouet-f_45.jpg,10
ArtemisArt/clouet-f - francois-clouet-et-son-atelier_1505/clouet-f_49.jpg,12
ArtemisArt/clouet-f - francois-clouet-et-son-atelier_1505/clouet-f_52.jpg,2
ArtemisArt/clouet-f - francois-clouet-et-son-atelier_1505/clouet-f_8.jpg,12
ArtemisArt/coello - alonso-sanchez-coello_1531/coello_2.jpg,15
ArtemisArt/coello - alonso-sanchez-coello_1531/coello_6.jpg,3
ArtemisArt/colquhoun - ithell-colquhoun_1906/colquhoun_1.jpg,5
ArtemisArt/colquhoun - ithell-colquhoun_1906/colquhoun_5.jpg,14
ArtemisArt/colquhoun - ithell-colquhoun_1906/colquhoun_9.jpg,5
ArtemisArt/condo - george-condo_1957/condo_12.jpg,10
ArtemisArt/condo - george-condo_1957/condo_16.jpg,8
ArtemisArt/condo - george-condo_1957/condo_2.jpg,14
ArtemisArt/condo - george-condo_1957/condo_23.jpg,15
ArtemisArt/condo - george-condo_1957/condo_27.jpg,2
ArtemisArt/condo - george-condo_1957/condo_30.jpg,11
ArtemisArt/condo - george-condo_1957/condo_34.jpg,2
ArtemisArt/condo - george-condo_1957/condo_38.jpg,12
ArtemisArt/condo - george-condo_1957/condo_41.jpg,14
ArtemisArt/condo - george-condo_1957/condo_45.jpg,13
ArtemisArt/condo - george-condo_1957/condo_49.jpg,12
ArtemisArt/condo - george-condo_1957/condo_52.jpg,2
ArtemisArt/condo - george-condo_1957/condo_56.jpg,11
ArtemisArt/condo - george-condo_1957/condo_6.jpg,0
ArtemisArt/condo - george-condo_1957/condo_63.jpg,2
ArtemisArt/condo - george-condo_1957/condo_67.jpg,13
ArtemisArt/condo - george-condo_1957/condo_70.jpg,4
ArtemisArt/condo - george-condo_1957/condo_74.jpg,14
ArtemisArt/condo - george-condo_1957/condo_78.jpg,6
ArtemisArt/condo - george-condo_1957/condo_81.jpg,2
ArtemisArt/constable - john-constable_1778/constable_11.jpg,14
ArtemisArt/constable - john-constable_1778/constable_15.jpg,1
ArtemisArt/constable - john-constable_1778/constable_19.jpg,0
ArtemisArt/constable - john-constable_1778/constable_22.jpg,15
ArtemisArt/constable - john-constable_1778/constable_26.jpg,8
ArtemisArt/constable - john-constable_1778/constable_3.jpg,12
ArtemisArt/constable - john-constable_1778/constable_33.jpg,10
ArtemisArt/constable - john-constable_1778/constable_37.jpg,7
ArtemisArt/constable - john-constable_1778/constable_40.jpg,15
ArtemisArt/constable - john-constable_1778/constable_44.jpg,15
ArtemisArt/constable - john-constable_1778/constable_48.jpg,11
ArtemisArt/constable - john-constable_1778/constable_51.jpg,15
ArtemisArt/constable - john-constable_1778/constable_55.jpg,2
ArtemisArt/constable - john-constable_1778/constable_8.jpg,3
ArtemisArt/corneille-de-lyon - cornelius-de-lyon-et-son-atelier_1505/corneille-de-lyon_11.jpg,10
ArtemisArt/corneille-de-lyon - cornelius-de-lyon-et-son-atelier_1505/corneille-de-lyon_15.jpg,3
ArtemisArt/corneille-de-lyon - cornelius-de-lyon-et-son-atelier_1505/corneille-de-lyon_19.jpg,3
ArtemisArt/corneille-de-lyon - cornelius-de-lyon-et-son-atelier_1505/corneille-de-lyon_22.jpg,7
ArtemisArt/corneille-de-lyon - cornelius-de-lyon-et-son-atelier_1505/corneille-de-lyon_26.jpg,9
ArtemisArt/corneille-de-lyon - cornelius-de-lyon-et-son-atelier_1505/corneille-de-lyon_3.jpg,8
ArtemisArt/corneille-de-lyon - cornelius-de-lyon-et-son-atelier_1505/corneille-de-lyon_33.jpg,12
ArtemisArt/corneille-de-lyon - cornelius-de-lyon-et-son-atelier_1505/corneille-de-lyon_37.jpg,5
ArtemisArt/corneille-de-lyon - cornelius-de-lyon-et-son-atelier_1505/corneille-de-lyon_40.jpg,0
ArtemisArt/corneille-de-lyon - cornelius-de-lyon-et-son-atelier_1505/corneille-de-lyon_6.jpg,13
ArtemisArt/corot - jean-baptiste-camille-corot_1796/corot_1.jpg,13
ArtemisArt/corot - jean-baptiste-camille-corot_1796/corot_102.jpg,11
ArtemisArt/corot - jean-baptiste-camille-corot_1796/corot_106.jpg,3
ArtemisArt/corot - jean-baptiste-camille-corot_1796/corot_11.jpg,4
ArtemisArt/corot - jean-baptiste-camille-corot_1796/corot_113.jpg,5
ArtemisArt/corot - jean-baptiste-camille-corot_1796/corot_117.jpg,14
ArtemisArt/corot - jean-baptiste-camille-corot_1796/corot_120.jpg,6
ArtemisArt/corot - jean-baptiste-camille-corot_1796/corot_124.jpg,1
ArtemisArt/corot - jean-baptiste-camille-corot_1796/corot_128.jpg,5
ArtemisArt/corot - jean-baptiste-camille-corot_1796/corot_131.jpg,2
ArtemisArt/corot - jean-baptiste-camille-corot_1796/corot_135.jpg,1
ArtemisArt/corot - jean-baptiste-camille-corot_1796/corot_139.jpg,12
ArtemisArt/corot - jean-baptiste-camille-corot_1796/corot_142.jpg,10
ArtemisArt/corot - jean-baptiste-camille-corot_1796/corot_146.jpg,5
ArtemisArt/corot - jean-baptiste-camille-corot_1796/corot_15.jpg,2
ArtemisArt/corot - jean-baptiste-camille-corot_1796/corot_153.jpg,3
ArtemisArt/corot - jean-baptiste-camille-corot_1796/corot_17.jpg,8
ArtemisArt/corot - jean-baptiste-camille-corot_1796/corot_20.jpg,9
ArtemisArt/corot - jean-baptiste-camille-corot_1796/corot_24.jpg,4
ArtemisArt/corot - jean-baptiste-camille-corot_1796/corot_28.jpg,14
ArtemisArt/corot - jean-baptiste-camille-corot_1796/corot_31.jpg,3
ArtemisArt/corot - jean-baptiste-camille-corot_1796/corot_35.jpg,1
ArtemisArt/corot - jean-baptiste-camille-corot_1796/corot_39.jpg,13
ArtemisArt/corot - jean-baptiste-camille-corot_1796/corot_42.jpg,4
ArtemisArt/corot - jean-baptiste-camille-corot_1796/corot_46.jpg,4
ArtemisArt/corot - jean-baptiste-camille-corot_1796/corot_5.jpg,7
ArtemisArt/corot - jean-baptiste-camille-corot_1796/corot_53.jpg,0
ArtemisArt/corot - jean-baptiste-camille-corot_1796/corot_57.jpg,8
ArtemisArt/corot - jean-baptiste-camille-corot_1796/corot_60.jpg,7
ArtemisArt/corot - jean-baptiste-camille-corot_1796/corot_64.jpg,4
ArtemisArt/corot - jean-baptiste-camille-corot_1796/corot_68.jpg,13
ArtemisArt/corot - jean-baptiste-camille-corot_1796/corot_71.jpg,10
ArtemisArt/corot - jean-baptiste-camille-corot_1796/corot_75.jpg,2
ArtemisArt/corot - jean-baptiste-camille-corot_1796/corot_79.jpg,4
ArtemisArt/corot - jean-baptiste-camille-corot_1796/corot_82.jpg,5
ArtemisArt/corot - jean-baptiste-camille-corot_1796/corot_86.jpg,0
ArtemisArt/corot - jean-baptiste-camille-corot_1796/corot_9.jpg,1
ArtemisArt/corot - jean-baptiste-camille-corot_1796/corot_93.jpg,2
ArtemisArt/corot - jean-baptiste-camille-corot_1796/corot_97.jpg,14
ArtemisArt/correge - antonio-allegri-dit-correge_1489/correge_10.jpg,7
ArtemisArt/correge - antonio-allegri-dit-correge_1489/correge_4.jpg,2
ArtemisArt/correge - antonio-allegri-dit-correge_1489/correge_8.jpg,7
ArtemisArt/courbet - gustave-courbet_1819/courbet_11.jpg,3
ArtemisArt/courbet - gustave-courbet_1819/courbet_15.jpg,1
ArtemisArt/courbet - gustave-courbet_1819/courbet_19.jpg,7
ArtemisArt/courbet - gustave-courbet_1819/courbet_22.jpg,3
ArtemisArt/courbet - gustave-courbet_1819/courbet_26.jpg,7
ArtemisArt/courbet - gustave-courbet_1819/courbet_3.jpg,11
ArtemisArt/courbet - gustave-courbet_1819/courbet_33.jpg,4
ArtemisArt/courbet - gustave-courbet_1819/courbet_37.jpg,12
ArtemisArt/courbet - gustave-courbet_1819/courbet_40.jpg,9
ArtemisArt/courbet - gustave-courbet_1819/courbet_44.jpg,13
ArtemisArt/courbet - gustave-courbet_1819/courbet_48.jpg,1
ArtemisArt/courbet - gustave-courbet_1819/courbet_51.jpg,7
ArtemisArt/courbet - gustave-courbet_1819/courbet_55.jpg,9
ArtemisArt/courbet - gustave-courbet_1819/courbet_59.jpg,9
ArtemisArt/courbet - gustave-courbet_1819/courbet_62.jpg,15
ArtemisArt/courbet - gustave-courbet_1819/courbet_66.jpg,11
ArtemisArt/courbet - gustave-courbet_1819/courbet_9.jpg,11
ArtemisArt/coxcie - michiel-coxcie_1499/coxcie_3.jpg,13
ArtemisArt/coxcie - michiel-coxcie_1499/coxcie_7.jpg,11
ArtemisArt/coypel-a - antoine-coypel_1661/coypel-a_2.jpg,1
ArtemisArt/coypel-a - antoine-coypel_1661/coypel-a_6.jpg,10
ArtemisArt/coypel-ca - charles-antoine-coypel_1694/coypel-ca_10.jpg,0
ArtemisArt/coypel-ca - charles-antoine-coypel_1694/coypel-ca_2.jpg,14
ArtemisArt/coypel-ca - charles-antoine-coypel_1694/coypel-ca_6.jpg,4
ArtemisArt/cranach-l - lucas-cranach-dit-l-ancien_1472/cranach-l_1.jpg,5
ArtemisArt/cranach-l - lucas-cranach-dit-l-ancien_1472/cranach-l_13.jpg,5
ArtemisArt/cranach-l - lucas-cranach-dit-l-ancien_1472/cranach-l_17.jpg,5
ArtemisArt/cranach-l - lucas-cranach-dit-l-ancien_1472/cranach-l_20.jpg,0
ArtemisArt/cranach-l - lucas-cranach-dit-l-ancien_1472/cranach-l_24.jpg,1
ArtemisArt/cranach-l - lucas-cranach-dit-l-ancien_1472/cranach-l_28.jpg,10
ArtemisArt/cranach-l - lucas-cranach-dit-l-ancien_1472/cranach-l_31.jpg,6
ArtemisArt/cranach-l - lucas-cranach-dit-l-ancien_1472/cranach-l_4.jpg,13
ArtemisArt/cranach-l - lucas-cranach-dit-l-ancien_1472/cranach-l_8.jpg,1
ArtemisArt/crepin - fleury-joseph-crepin_1875/crepin_11.jpg,12
ArtemisArt/crepin - fleury-joseph-crepin_1875/crepin_15.jpg,13
ArtemisArt/crepin - fleury-joseph-crepin_1875/crepin_19.jpg,12
ArtemisArt/crepin - fleury-joseph-crepin_1875/crepin_3.jpg,4
ArtemisArt/crepin - fleury-joseph-crepin_1875/crepin_7.jpg,15
ArtemisArt/cross - henri-edmond-joseph-delacroix-dit-cross_1858/cross_10.jpg,5
ArtemisArt/cross - henri-edmond-joseph-delacroix-dit-cross_1858/cross_4.jpg,12
ArtemisArt/cross - henri-edmond-joseph-delacroix-dit-cross_1858/cross_8.jpg,13
ArtemisArt/da-empoli - jacopo-chimenti-dit-da-empoli_1551/da-empoli_11.jpg,13
ArtemisArt/da-empoli - jacopo-chimenti-dit-da-empoli_1551/da-empoli_4.jpg,9
ArtemisArt/da-empoli - jacopo-chimenti-dit-da-empoli_1551/da-empoli_8.jpg,11
ArtemisArt/da-fabriano - gentile-da-fabriano_1370/da-fabiano_2.jpg,10
ArtemisArt/da-fabriano - gentile-da-fabriano_1370/da-fabiano_6.jpg,11
ArtemisArt/da-milano - giovanni-da-milano_1320/da-milano_1.jpg,1
ArtemisArt/da-milano - giovanni-da-milano_1320/da-milano_13.jpg,5
ArtemisArt/da-milano - giovanni-da-milano_1320/da-milano_4.jpg,14
ArtemisArt/da-milano - giovanni-da-milano_1320/da-milano_8.jpg,15
ArtemisArt/da-rimini-gf - giovanni-francesco-da-rimini_1420/da-rimini-gf_11.jpg,14
ArtemisArt/da-rimini-gf - giovanni-francesco-da-rimini_1420/da-rimini-gf_3.jpg,11
ArtemisArt/da-rimini-gf - giovanni-francesco-da-rimini_1420/da-rimini-gf_7.jpg,15
ArtemisArt/da-vinci - leonardo-da-vinci_1452/da-vinci_10.jpg,14
ArtemisArt/da-vinci - leonardo-da-vinci_1452/da-vinci_14.jpg,9
ArtemisArt/da-vinci - leonardo-da-vinci_1452/da-vinci_18.jpg,1
ArtemisArt/da-vinci - leonardo-da-vinci_1452/da-vinci_21.jpg,9
ArtemisArt/da-vinci - leonardo-da-vinci_1452/da-vinci_25.jpg,3
ArtemisArt/da-vinci - leonardo-da-vinci_1452/da-vinci_29.jpg,8
ArtemisArt/da-vinci - leonardo-da-vinci_1452/da-vinci_32.jpg,13
ArtemisArt/da-vinci - leonardo-da-vinci_1452/da-vinci_36.jpg,4
ArtemisArt/da-vinci - leonardo-da-vinci_1452/da-vinci_4.jpg,14
ArtemisArt/da-vinci - leonardo-da-vinci_1452/da-vinci_43.jpg,14
ArtemisArt/da-vinci - leonardo-da-vinci_1452/da-vinci_47.jpg,6
ArtemisArt/da-vinci - leonardo-da-vinci_1452/da-vinci_50.jpg,5
ArtemisArt/da-vinci - leonardo-da-vinci_1452/da-vinci_54.jpg,15
ArtemisArt/da-vinci - leonardo-da-vinci_1452/da-vinci_6.jpg,8
ArtemisArt/daddi-b - bernardo-daddi_1290/daddi-b_1.jpg,14
ArtemisArt/daddi-b - bernardo-daddi_1290/daddi-b_13.jpg,3
ArtemisArt/daddi-b - bernardo-daddi_1290/daddi-b_17.jpg,3
ArtemisArt/daddi-b - bernardo-daddi_1290/daddi-b_20.jpg,4
ArtemisArt/daddi-b - bernardo-daddi_1290/daddi-b_24.jpg,1
ArtemisArt/daddi-b - bernardo-daddi_1290/daddi-b_28.jpg,2
ArtemisArt/daddi-b - bernardo-daddi_1290/daddi-b_31.jpg,10
ArtemisArt/daddi-b - bernardo-daddi_1290/daddi-b_35.jpg,13
ArtemisArt/daddi-b - bernardo-daddi_1290/daddi-b_4.jpg,11
ArtemisArt/daddi-b - bernardo-daddi_1290/daddi-b_8.jpg,10
ArtemisArt/dal-ponte - giovanni-di-marco-dit-giovanni-dal-ponte_1385/dal-ponte_3.jpg,8
ArtemisArt/dal-ponte - giovanni-di-marco-dit-giovanni-dal-ponte_1385/dal-ponte_7.jpg,2
ArtemisArt/dali - salvador-dali_1904/dali_11.jpg,6
ArtemisArt/dali - salvador-dali_1904/dali_15.jpg,5
ArtemisArt/dali - salvador-dali_1904/dali_19.jpg,14
ArtemisArt/dali - salvador-dali_1904/dali_22.jpg,12
ArtemisArt/dali - salvador-dali_1904/dali_26.jpg,4
ArtemisArt/dali - salvador-dali_1904/dali_3.jpg,13
ArtemisArt/dali - salvador-dali_1904/dali_33.jpg,10
ArtemisArt/dali - salvador-dali_1904/dali_37.jpg,12
ArtemisArt/dali - salvador-dali_1904/dali_5.jpg,7
ArtemisArt/dali - salvador-dali_1904/dali_9.jpg,5
ArtemisArt/daubigny - charles-francois-daubigny_1817/daubigny_12.jpg,4
ArtemisArt/daubigny - charles-francois-daubigny_1817/daubigny_16.jpg,14
ArtemisArt/daubigny - charles-francois-daubigny_1817/daubigny_2.jpg,11
ArtemisArt/daubigny - charles-francois-daubigny_1817/daubigny_6.jpg,0
ArtemisArt/david-g - gheeraedt-janszoon-dit-gerard-david_1400/david-g_1.jpg,15
ArtemisArt/david-g - gheeraedt-janszoon-dit-gerard-david_1400/david-g_13.jpg,15
ArtemisArt/david-g - gheeraedt-janszoon-dit-gerard-david_1400/david-g_17.jpg,4
ArtemisArt/david-g - gheeraedt-janszoon-dit-gerard-david_1400/david-g_3.jpg,1
ArtemisArt/david-g - gheeraedt-janszoon-dit-gerard-david_1400/david-g_7.jpg,15
ArtemisArt/david-jl - jacques-louis-david_1748/david-jl_10.jpg,13
ArtemisArt/david-jl - jacques-louis-david_1748/david-jl_14.jpg,1
ArtemisArt/david-jl - jacques-louis-david_1748/david-jl_18.jpg,14
ArtemisArt/david-jl - jacques-louis-david_1748/david-jl_21.jpg,1
ArtemisArt/david-jl - jacques-louis-david_1748/david-jl_25.jpg,12
ArtemisArt/david-jl - jacques-louis-david_1748/david-jl_29.jpg,5
ArtemisArt/david-jl - jacques-louis-david_1748/david-jl_32.jpg,9
ArtemisArt/david-jl - jacques-louis-david_1748/david-jl_36.jpg,9
ArtemisArt/david-jl - jacques-louis-david_1748/david-jl_4.jpg,2
ArtemisArt/david-jl - jacques-louis-david_1748/david-jl_43.jpg,2
ArtemisArt/david-jl - jacques-louis-david_1748/david-jl_47.jpg,15
ArtemisArt/david-jl - jacques-louis-david_1748/david-jl_50.jpg,5
ArtemisArt/david-jl - jacques-louis-david_1748/david-jl_54.jpg,13
ArtemisArt/david-jl - jacques-louis-david_1748/david-jl_58.jpg,4
ArtemisArt/david-jl - jacques-louis-david_1748/david-jl_61.jpg,8
ArtemisArt/david-jl - jacques-louis-david_1748/david-jl_65.jpg,3
ArtemisArt/david-jl - jacques-louis-david_1748/david-jl_69.jpg,12
ArtemisArt/david-jl - jacques-louis-david_1748/david-jl_72.jpg,4
ArtemisArt/david-jl - jacques-louis-david_1748/david-jl_76.jpg,15
ArtemisArt/david-jl - jacques-louis-david_1748/david-jl_8.jpg,5
ArtemisArt/davidson - colin-davidson_1968/davidson_11.jpg,2
ArtemisArt/davidson - colin-davidson_1968/davidson_15.jpg,5
ArtemisArt/davidson - colin-davidson_1968/davidson_2.jpg,0
ArtemisArt/davidson - colin-davidson_1968/davidson_6.jpg,4
ArtemisArt/de-boulogne - jean-valentin-dit-valentin-de-boulogne_1591/de-boulogne_1.jpg,7
ArtemisArt/de-boulogne - jean-valentin-dit-valentin-de-boulogne_1591/de-boulogne_3.jpg,10
ArtemisArt/de-boulogne - jean-valentin-dit-valentin-de-boulogne_1591/de-boulogne_7.jpg,4
ArtemisArt/de-chazal - malcolm-de-chazal_1902/de-chazal_10.jpg,8
ArtemisArt/de-chazal - malcolm-de-chazal_1902/de-chazal_14.jpg,11
ArtemisArt/de-chazal - malcolm-de-chazal_1902/de-chazal_18.jpg,10
ArtemisArt/de-chazal - malcolm-de-chazal_1902/de-chazal_21.jpg,3
ArtemisArt/de-chazal - malcolm-de-chazal_1902/de-chazal_25.jpg,1
ArtemisArt/de-chazal - malcolm-de-chazal_1902/de-chazal_29.jpg,10
ArtemisArt/de-chazal - malcolm-de-chazal_1902/de-chazal_32.jpg,8
ArtemisArt/de-chazal - malcolm-de-chazal_1902/de-chazal_7.jpg,9
ArtemisArt/de-flandres - jean-de-flandres_1465/de-flandres_10.jpg,10
ArtemisArt/de-flandres - jean-de-flandres_1465/de-flandres_3.jpg,6
ArtemisArt/de-flandres - jean-de-flandres_1465/de-flandres_7.jpg,4
ArtemisArt/de-hooch - pieter-de-hooch_1629/de-hooch_2.jpg,12
ArtemisArt/de-hooch - pieter-de-hooch_1629/de-hooch_6.jpg,9
ArtemisArt/de-kooning - willem-de-kooning_1904/de-kooning_1.jpg,9
ArtemisArt/de-kooning - willem-de-kooning_1904/de-kooning_13.jpg,14
ArtemisArt/de-kooning - willem-de-kooning_1904/de-kooning_17.jpg,4
ArtemisArt/de-kooning - willem-de-kooning_1904/de-kooning_4.jpg,14
ArtemisArt/de-kooning - willem-de-kooning_1904/de-kooning_8.jpg,14
ArtemisArt/de-la-tour - georges-de-la-tour_1640/de-la-tour_11.jpg,14
ArtemisArt/de-la-tour - georges-de-la-tour_1640/de-la-tour_15.jpg,2
ArtemisArt/de-la-tour - georges-de-la-tour_1640/de-la-tour_19.jpg,10
ArtemisArt/de-la-tour - georges-de-la-tour_1640/de-la-tour_22.jpg,4
ArtemisArt/de-la-tour - georges-de-la-tour_1640/de-la-tour_26.jpg,0
ArtemisArt/de-la-tour - georges-de-la-tour_1640/de-la-tour_3.jpg,7
ArtemisArt/de-la-tour - georges-de-la-tour_1640/de-la-tour_33.jpg,1
ArtemisArt/de-la-tour - georges-de-la-tour_1640/de-la-tour_37.jpg,7
ArtemisArt/de-la-tour - georges-de-la-tour_1640/de-la-tour_40.jpg,3
ArtemisArt/de-la-tour - georges-de-la-tour_1640/de-la-tour_6.jpg,3
ArtemisArt/de-souza-cardoso - amedeo-de-souza-cardoso_1887/de-souza-cardoso_1.jpg,5
ArtemisArt/de-souza-cardoso - amedeo-de-souza-cardoso_1887/de-souza-cardoso_13.jpg,9
ArtemisArt/de-souza-cardoso - amedeo-de-souza-cardoso_1887/de-souza-cardoso_17.jpg,8
ArtemisArt/de-souza-cardoso - amedeo-de-souza-cardoso_1887/de-souza-cardoso_20.jpg,5
ArtemisArt/de-souza-cardoso - amedeo-de-souza-cardoso_1887/de-souza-cardoso_24.jpg,9
ArtemisArt/de-souza-cardoso - amedeo-de-souza-cardoso_1887/de-souza-cardoso_28.jpg,13
ArtemisArt/de-souza-cardoso - amedeo-de-souza-cardoso_1887/de-souza-cardoso_31.jpg,5
ArtemisArt/de-souza-cardoso - amedeo-de-souza-cardoso_1887/de-souza-cardoso_35.jpg,11
ArtemisArt/de-souza-cardoso - amedeo-de-souza-cardoso_1887/de-souza-cardoso_39.jpg,8
ArtemisArt/de-souza-cardoso - amedeo-de-souza-cardoso_1887/de-souza-cardoso_6.jpg,9
ArtemisArt/de-stael - nicolas-de-stael_1914/de-stael_1.jpg,1
ArtemisArt/de-stael - nicolas-de-stael_1914/de-stael_13.jpg,2
ArtemisArt/de-stael - nicolas-de-stael_1914/de-stael_17.jpg,15
ArtemisArt/de-stael - nicolas-de-stael_1914/de-stael_20.jpg,9
ArtemisArt/de-stael - nicolas-de-stael_1914/de-stael_24.jpg,0
ArtemisArt/de-stael - nicolas-de-stael_1914/de-stael_28.jpg,1
ArtemisArt/de-stael - nicolas-de-stael_1914/de-stael_31.jpg,4
ArtemisArt/de-stael - nicolas-de-stael_1914/de-stael_35.jpg,14
ArtemisArt/de-stael - nicolas-de-stael_1914/de-stael_39.jpg,0
ArtemisArt/de-stael - nicolas-de-stael_1914/de-stael_42.jpg,3
ArtemisArt/de-stael - nicolas-de-stael_1914/de-stael_7.jpg,9
ArtemisArt/de-vos-c - cornelis-de-vos_1585/de-vos_10.jpg,6
ArtemisArt/de-vos-c - cornelis-de-vos_1585/de-vos_2.jpg,8
ArtemisArt/de-vos-c - cornelis-de-vos_1585/de-vos_6.jpg,6
ArtemisArt/de-vos-m - martin-de-vos_1532/de-vos-m_1.jpg,5
ArtemisArt/de-vos-m - martin-de-vos_1532/de-vos-m_4.jpg,1
ArtemisArt/de-vos-m - martin-de-vos_1532/de-vos-m_8.jpg,11
ArtemisArt/decamps - alexandre-gabriel-decamps_1803/decamps_11.jpg,14
ArtemisArt/decamps - alexandre-gabriel-decamps_1803/decamps_15.jpg,11
ArtemisArt/decamps - alexandre-gabriel-decamps_1803/decamps_19.jpg,0
ArtemisArt/decamps - alexandre-gabriel-decamps_1803/decamps_22.jpg,8
ArtemisArt/decamps - alexandre-gabriel-decamps_1803/decamps_26.jpg,10
ArtemisArt/decamps - alexandre-gabriel-decamps_1803/decamps_5.jpg,6
ArtemisArt/decamps - alexandre-gabriel-decamps_1803/decamps_9.jpg,6
ArtemisArt/degas - edgar-degas_1834/degas_12.jpg,8
ArtemisArt/degas - edgar-degas_1834/degas_16.jpg,11
ArtemisArt/degas - edgar-degas_1834/degas_2.jpg,4
ArtemisArt/degas - edgar-degas_1834/degas_23.jpg,13
ArtemisArt/degas - edgar-degas_1834/degas_27.jpg,3
ArtemisArt/degas - edgar-degas_1834/degas_30.jpg,13
ArtemisArt/degas - edgar-degas_1834/degas_34.jpg,7
ArtemisArt/degas - edgar-degas_1834/degas_4.jpg,15
ArtemisArt/degas - edgar-degas_1834/degas_8.jpg,5
ArtemisArt/degottex - jean-degottex_1914/degottex_3.jpg,12
ArtemisArt/degottex - jean-degottex_1914/degottex_7.jpg,8
ArtemisArt/del-biondo - giovanni-del-biondo_1356/del-biondo_10.jpg,9
ArtemisArt/del-biondo - giovanni-del-biondo_1356/del-biondo_14.jpg,13
ArtemisArt/del-biondo - giovanni-del-biondo_1356/del-biondo_18.jpg,7
ArtemisArt/del-biondo - giovanni-del-biondo_1356/del-biondo_21.jpg,8
ArtemisArt/del-biondo - giovanni-del-biondo_1356/del-biondo_3.jpg,1
ArtemisArt/del-biondo - giovanni-del-biondo_1356/del-biondo_7.jpg,6
ArtemisArt/del-piombo  - sebastiano-luciani-dit-del-piombo_1485/del-piombo_10.jpg,1
ArtemisArt/del-piombo  - sebastiano-luciani-dit-del-piombo_1485/del-piombo_5.jpg,0
ArtemisArt/del-piombo  - sebastiano-luciani-dit-del-piombo_1485/del-piombo_9.jpg,7
ArtemisArt/del-sarto - andrea-d-agnolo-di-francesco-dit-del-sarto_1486/del-sarto_12.jpg,8
ArtemisArt/del-sarto - andrea-d-agnolo-di-francesco-dit-del-sarto_1486/del-sarto_16.jpg,11
ArtemisArt/del-sarto - andrea-d-agnolo-di-francesco-dit-del-sarto_1486/del-sarto_2.jpg,12
ArtemisArt/del-sarto - andrea-d-agnolo-di-francesco-dit-del-sarto_1486/del-sarto_23.jpg,10
ArtemisArt/del-sarto - andrea-d-agnolo-di-francesco-dit-del-sarto_1486/del-sarto_27.jpg,11
ArtemisArt/del-sarto - andrea-d-agnolo-di-francesco-dit-del-sarto_1486/del-sarto_30.jpg,10
ArtemisArt/del-sarto - andrea-d-agnolo-di-francesco-dit-del-sarto_1486/del-sarto_34.jpg,9
ArtemisArt/del-sarto - andrea-d-agnolo-di-francesco-dit-del-sarto_1486/del-sarto_38.jpg,0
ArtemisArt/del-sarto - andrea-d-agnolo-di-francesco-dit-del-sarto_1486/del-sarto_41.jpg,10
ArtemisArt/del-sarto - andrea-d-agnolo-di-francesco-dit-del-sarto_1486/del-sarto_45.jpg,6
ArtemisArt/del-sarto - andrea-d-agnolo-di-francesco-dit-del-sarto_1486/del-sarto_49.jpg,0
ArtemisArt/del-sarto - andrea-d-agnolo-di-francesco-dit-del-sarto_1486/del-sarto_52.jpg,14
ArtemisArt/del-sarto - andrea-d-agnolo-di-francesco-dit-del-sarto_1486/del-sarto_9.jpg,13
ArtemisArt/del-sellaio - jacopo-del-sellaio_1442/del-sellaio_2.jpg,15
ArtemisArt/del-sellaio - jacopo-del-sellaio_1442/del-sellaio_6.jpg,13
ArtemisArt/delacroix - eugene-delacroix_1798/delacroix_1.jpg,1
ArtemisArt/delacroix - eugene-delacroix_1798/delacroix_13.jpg,15
ArtemisArt/delacroix - eugene-delacroix_1798/delacroix_17.jpg,13
ArtemisArt/delacroix - eugene-delacroix_1798/delacroix_20.jpg,12
ArtemisArt/delacroix - eugene-delacroix_1798/delacroix_24.jpg,13
ArtemisArt/delacroix - eugene-delacroix_1798/delacroix_28.jpg,13
ArtemisArt/delacroix - eugene-delacroix_1798/delacroix_31.jpg,9
ArtemisArt/delacroix - eugene-delacroix_1798/delacroix_35.jpg,9
ArtemisArt/delacroix - eugene-delacroix_1798/delacroix_39.jpg,5
ArtemisArt/delacroix - eugene-delacroix_1798/delacroix_42.jpg,14
ArtemisArt/delacroix - eugene-delacroix_1798/delacroix_46.jpg,0
ArtemisArt/delacroix - eugene-delacroix_1798/delacroix_5.jpg,6
ArtemisArt/delacroix - eugene-delacroix_1798/delacroix_53.jpg,4
ArtemisArt/delacroix - eugene-delacroix_1798/delacroix_57.jpg,13
ArtemisArt/delacroix - eugene-delacroix_1798/delacroix_60.jpg,8
ArtemisArt/delacroix - eugene-delacroix_1798/delacroix_64.jpg,1
ArtemisArt/delacroix - eugene-delacroix_1798/delacroix_68.jpg,14
ArtemisArt/delacroix - eugene-delacroix_1798/delacroix_71.jpg,1
ArtemisArt/delacroix - eugene-delacroix_1798/delacroix_75.jpg,13
ArtemisArt/delacroix - eugene-delacroix_1798/delacroix_79.jpg,13
ArtemisArt/delacroix - eugene-delacroix_1798/delacroix_82.jpg,15
ArtemisArt/delacroix - eugene-delacroix_1798/delacroix_9.jpg,15
ArtemisArt/delaunay-je - jules-elie-delaunay_1828/delaunay-je_4.jpg,7
ArtemisArt/delaunay-je - jules-elie-delaunay_1828/delaunay-je_8.jpg,1
ArtemisArt/delaunay-r - robert-delaunay_1885/delaunay-r_12.jpg,8
ArtemisArt/delaunay-r - robert-delaunay_1885/delaunay-r_16.jpg,6
ArtemisArt/delaunay-r - robert-delaunay_1885/delaunay-r_2.jpg,8
ArtemisArt/delaunay-r - robert-delaunay_1885/delaunay-r_23.jpg,8
ArtemisArt/delaunay-r - robert-delaunay_1885/delaunay-r_27.jpg,3
ArtemisArt/delaunay-r - robert-delaunay_1885/delaunay-r_30.jpg,13
ArtemisArt/delaunay-r - robert-delaunay_1885/delaunay-r_34.jpg,5
ArtemisArt/delaunay-r - robert-delaunay_1885/delaunay-r_38.jpg,8
ArtemisArt/delaunay-r - robert-delaunay_1885/delaunay-r_41.jpg,5
ArtemisArt/delaunay-r - robert-delaunay_1885/delaunay-r_8.jpg,12
ArtemisArt/delaunay-s - sarah-sonia-stern-terk-dite-delaunay_1885/delaunay-s_11.jpg,2
ArtemisArt/delaunay-s - sarah-sonia-stern-terk-dite-delaunay_1885/delaunay-s_15.jpg,7
ArtemisArt/delaunay-s - sarah-sonia-stern-terk-dite-delaunay_1885/delaunay-s_19.jpg,11
ArtemisArt/delaunay-s - sarah-sonia-stern-terk-dite-delaunay_1885/delaunay-s_22.jpg,10
ArtemisArt/delaunay-s - sarah-sonia-stern-terk-dite-delaunay_1885/delaunay-s_26.jpg,9
ArtemisArt/delaunay-s - sarah-sonia-stern-terk-dite-delaunay_1885/delaunay-s_6.jpg,12
ArtemisArt/denis - maurice-denis_1870/denis_1.jpg,0
ArtemisArt/denis - maurice-denis_1870/denis_13.jpg,8
ArtemisArt/denis - maurice-denis_1870/denis_17.jpg,15
ArtemisArt/denis - maurice-denis_1870/denis_20.jpg,7
ArtemisArt/denis - maurice-denis_1870/denis_24.jpg,4
ArtemisArt/denis - maurice-denis_1870/denis_28.jpg,9
ArtemisArt/denis - maurice-denis_1870/denis_31.jpg,0
ArtemisArt/denis - maurice-denis_1870/denis_35.jpg,8
ArtemisArt/denis - maurice-denis_1870/denis_7.jpg,11
ArtemisArt/derain - andre-derain_1880/derain_10.jpg,12
ArtemisArt/derain - andre-derain_1880/derain_14.jpg,2
ArtemisArt/derain - andre-derain_1880/derain_18.jpg,5
ArtemisArt/derain - andre-derain_1880/derain_21.jpg,4
ArtemisArt/derain - andre-derain_1880/derain_25.jpg,15
ArtemisArt/derain - andre-derain_1880/derain_29.jpg,11
ArtemisArt/derain - andre-derain_1880/derain_32.jpg,5
ArtemisArt/derain - andre-derain_1880/derain_36.jpg,5
ArtemisArt/derain - andre-derain_1880/derain_4.jpg,4
ArtemisArt/derain - andre-derain_1880/derain_43.jpg,12
ArtemisArt/derain - andre-derain_1880/derain_6.jpg,12
ArtemisArt/desportes-f - alexandre-francois-desportes _1661/desportes-f_1.jpg,3
ArtemisArt/desportes-f - alexandre-francois-desportes _1661/desportes-f_13.jpg,13
ArtemisArt/desportes-f - alexandre-francois-desportes _1661/desportes-f_17.jpg,12
ArtemisArt/desportes-f - alexandre-francois-desportes _1661/desportes-f_20.jpg,14
ArtemisArt/desportes-f - alexandre-francois-desportes _1661/desportes-f_24.jpg,3
ArtemisArt/desportes-f - alexandre-francois-desportes _1661/desportes-f_28.jpg,6
ArtemisArt/desportes-f - alexandre-francois-desportes _1661/desportes-f_31.jpg,13
ArtemisArt/desportes-f - alexandre-francois-desportes _1661/desportes-f_35.jpg,8
ArtemisArt/desportes-f - alexandre-francois-desportes _1661/desportes-f_39.jpg,12
ArtemisArt/desportes-f - alexandre-francois-desportes _1661/desportes-f_42.jpg,0
ArtemisArt/desportes-f - alexandre-francois-desportes _1661/desportes-f_46.jpg,10
ArtemisArt/desportes-f - alexandre-francois-desportes _1661/desportes-f_5.jpg,8
ArtemisArt/desportes-f - alexandre-francois-desportes _1661/desportes-f_53.jpg,0
ArtemisArt/desportes-f - alexandre-francois-desportes _1661/desportes-f_57.jpg,14
ArtemisArt/desportes-f - alexandre-francois-desportes _1661/desportes-f_60.jpg,13
ArtemisArt/desportes-f - alexandre-francois-desportes _1661/desportes-f_8.jpg,3
ArtemisArt/devambez - andre-devambez_1867/devambez_11.jpg,1
ArtemisArt/devambez - andre-devambez_1867/devambez_15.jpg,-1
ArtemisArt/devambez - andre-devambez_1867/devambez_19.jpg,-1
ArtemisArt/devambez - andre-devambez_1867/devambez_22.jpg,13
ArtemisArt/devambez - andre-devambez_1867/devambez_26.jpg,10
ArtemisArt/devambez - andre-devambez_1867/devambez_3.jpg,12
ArtemisArt/devambez - andre-devambez_1867/devambez_33.jpg,14
ArtemisArt/devambez - andre-devambez_1867/devambez_37.jpg,5
ArtemisArt/devambez - andre-devambez_1867/devambez_40.jpg,14
ArtemisArt/devambez - andre-devambez_1867/devambez_44.jpg,0
ArtemisArt/devambez - andre-devambez_1867/devambez_5.jpg,1
ArtemisArt/devambez - andre-devambez_1867/devambez_9.jpg,1
ArtemisArt/di-bicci-n - neri-di-bicci_1418/di-bicci-n_12.jpg,4
ArtemisArt/di-bicci-n - neri-di-bicci_1418/di-bicci-n_4.jpg,12
ArtemisArt/di-bicci-n - neri-di-bicci_1418/di-bicci-n_8.jpg,1
ArtemisArt/di-bonaguida - pacino-di-bonaguida_1280/di-bonaguida_3.jpg,13
ArtemisArt/di-bonaguida - pacino-di-bonaguida_1280/di-bonaguida_7.jpg,8
ArtemisArt/di-cosimo - piero-di-lorenzo-ubaldini-dit-piero-di-cosimo_1462/di-cosimo_11.jpg,3
ArtemisArt/di-cosimo - piero-di-lorenzo-ubaldini-dit-piero-di-cosimo_1462/di-cosimo_15.jpg,6
ArtemisArt/di-cosimo - piero-di-lorenzo-ubaldini-dit-piero-di-cosimo_1462/di-cosimo_19.jpg,13
ArtemisArt/di-cosimo - piero-di-lorenzo-ubaldini-dit-piero-di-cosimo_1462/di-cosimo_22.jpg,13
ArtemisArt/di-cosimo - piero-di-lorenzo-ubaldini-dit-piero-di-cosimo_1462/di-cosimo_6.jpg,8
ArtemisArt/di-credi - lorenzo-di-credi_1458/di-credi_1.jpg,6
ArtemisArt/di-credi - lorenzo-di-credi_1458/di-credi_13.jpg,3
ArtemisArt/di-credi - lorenzo-di-credi_1458/di-credi_17.jpg,0
ArtemisArt/di-credi - lorenzo-di-credi_1458/di-credi_3.jpg,6
ArtemisArt/di-credi - lorenzo-di-credi_1458/di-credi_7.jpg,14
ArtemisArt/di-giovanni - bartolomeo-di-giovanni_1450/di-giovanni_10.jpg,0
ArtemisArt/di-giovanni - bartolomeo-di-giovanni_1450/di-giovanni_3.jpg,7
ArtemisArt/di-giovanni - bartolomeo-di-giovanni_1450/di-giovanni_7.jpg,4
ArtemisArt/di-paolo - giovanni-di-paolo-di-grazia-ou-dal-poggio_1403/di-paolo_10.jpg,13
ArtemisArt/di-paolo - giovanni-di-paolo-di-grazia-ou-dal-poggio_1403/di-paolo_14.jpg,12
ArtemisArt/di-paolo - giovanni-di-paolo-di-grazia-ou-dal-poggio_1403/di-paolo_5.jpg,10
ArtemisArt/di-paolo - giovanni-di-paolo-di-grazia-ou-dal-poggio_1403/di-paolo_9.jpg,6
ArtemisArt/di-renzo - guido-di-renzo_1886/di-renzo_4.jpg,-1
ArtemisArt/di-renzo - guido-di-renzo_1886/di-renzo_8.jpg,-1
ArtemisArt/dix - otto-dix_1891/dix_11.jpg,0
ArtemisArt/dix - otto-dix_1891/dix_15.jpg,7
ArtemisArt/dix - otto-dix_1891/dix_19.jpg,5
ArtemisArt/dix - otto-dix_1891/dix_22.jpg,7
ArtemisArt/dix - otto-dix_1891/dix_3.jpg,5
ArtemisArt/dix - otto-dix_1891/dix_7.jpg,1
ArtemisArt/do-amaral - tarsila-do-amaral_1886/do-amaral_1.jpg,13
ArtemisArt/do-amaral - tarsila-do-amaral_1886/do-amaral_13.jpg,6
ArtemisArt/do-amaral - tarsila-do-amaral_1886/do-amaral_17.jpg,7
ArtemisArt/do-amaral - tarsila-do-amaral_1886/do-amaral_20.jpg,4
ArtemisArt/do-amaral - tarsila-do-amaral_1886/do-amaral_24.jpg,4
ArtemisArt/do-amaral - tarsila-do-amaral_1886/do-amaral_28.jpg,3
ArtemisArt/do-amaral - tarsila-do-amaral_1886/do-amaral_31.jpg,0
ArtemisArt/do-amaral - tarsila-do-amaral_1886/do-amaral_35.jpg,9
ArtemisArt/do-amaral - tarsila-do-amaral_1886/do-amaral_39.jpg,10
ArtemisArt/do-amaral - tarsila-do-amaral_1886/do-amaral_42.jpg,9
ArtemisArt/do-amaral - tarsila-do-amaral_1886/do-amaral_8.jpg,11
ArtemisArt/dolci - carlo-dolci_1616/dolci_11.jpg,13
ArtemisArt/dolci - carlo-dolci_1616/dolci_4.jpg,1
ArtemisArt/dolci - carlo-dolci_1616/dolci_8.jpg,10
ArtemisArt/dominguez - oscar-dominguez_1906/dominguez_11.jpg,12
ArtemisArt/dominguez - oscar-dominguez_1906/dominguez_5.jpg,2
ArtemisArt/dominguez - oscar-dominguez_1906/dominguez_9.jpg,5
ArtemisArt/donker - charles-donker_1940/donker_12.jpg,5
ArtemisArt/donker - charles-donker_1940/donker_16.jpg,10
ArtemisArt/donker - charles-donker_1940/donker_2.jpg,12
ArtemisArt/donker - charles-donker_1940/donker_6.jpg,6
ArtemisArt/dore - gustave-dore_1832/dore_1.jpg,2
ArtemisArt/dore - gustave-dore_1832/dore_13.jpg,10
ArtemisArt/dore - gustave-dore_1832/dore_17.jpg,3
ArtemisArt/dore - gustave-dore_1832/dore_20.jpg,8
ArtemisArt/dore - gustave-dore_1832/dore_24.jpg,0
ArtemisArt/dore - gustave-dore_1832/dore_3.jpg,1
ArtemisArt/dore - gustave-dore_1832/dore_7.jpg,10
ArtemisArt/dosso-dossi - giovanni-di-nicolo-de-lutero-dit-dosso-dossi_1486/dosso-dossi_10.jpg,2
ArtemisArt/dosso-dossi - giovanni-di-nicolo-de-lutero-dit-dosso-dossi_1486/dosso-dossi_2.jpg,7
ArtemisArt/dosso-dossi - giovanni-di-nicolo-de-lutero-dit-dosso-dossi_1486/dosso-dossi_6.jpg,3
ArtemisArt/dou - gerard-dou_1613/dou_1.jpg,7
ArtemisArt/dou - gerard-dou_1613/dou_2.jpg,8
ArtemisArt/dou - gerard-dou_1613/dou_6.jpg,9
ArtemisArt/douanier-rousseau - henri-rousseau-dit_1844/douanier-rousseau_1.jpg,5
ArtemisArt/douanier-rousseau - henri-rousseau-dit_1844/douanier-rousseau_13.jpg,2
ArtemisArt/douanier-rousseau - henri-rousseau-dit_1844/douanier-rousseau_17.jpg,1
ArtemisArt/douanier-rousseau - henri-rousseau-dit_1844/douanier-rousseau_20.jpg,12
ArtemisArt/douanier-rousseau - henri-rousseau-dit_1844/douanier-rousseau_24.jpg,2
ArtemisArt/douanier-rousseau - henri-rousseau-dit_1844/douanier-rousseau_28.jpg,9
ArtemisArt/douanier-rousseau - henri-rousseau-dit_1844/douanier-rousseau_31.jpg,0
ArtemisArt/douanier-rousseau - henri-rousseau-dit_1844/douanier-rousseau_35.jpg,14
ArtemisArt/douanier-rousseau - henri-rousseau-dit_1844/douanier-rousseau_39.jpg,13
ArtemisArt/douanier-rousseau - henri-rousseau-dit_1844/douanier-rousseau_42.jpg,12
ArtemisArt/douanier-rousseau - henri-rousseau-dit_1844/douanier-rousseau_46.jpg,13
ArtemisArt/douanier-rousseau - henri-rousseau-dit_1844/douanier-rousseau_5.jpg,7
ArtemisArt/douanier-rousseau - henri-rousseau-dit_1844/douanier-rousseau_53.jpg,1
ArtemisArt/douanier-rousseau - henri-rousseau-dit_1844/douanier-rousseau_6.jpg,6
ArtemisArt/drouais - francois-hubert-drouais_1727/drouais_1.jpg,12
ArtemisArt/drouais - francois-hubert-drouais_1727/drouais_13.jpg,1
ArtemisArt/drouais - francois-hubert-drouais_1727/drouais_4.jpg,13
ArtemisArt/drouais - francois-hubert-drouais_1727/drouais_8.jpg,6
ArtemisArt/dubufe-cm - claude-marie-dubufe_1790/dubufe-cm_3.jpg,3
ArtemisArt/dubufe-cm - claude-marie-dubufe_1790/dubufe-cm_7.jpg,3
ArtemisArt/dubuffet - jean-dubuffet_1901/dubuffet_10.jpg,5
ArtemisArt/dubuffet - jean-dubuffet_1901/dubuffet_14.jpg,0
ArtemisArt/dubuffet - jean-dubuffet_1901/dubuffet_18.jpg,2
ArtemisArt/dubuffet - jean-dubuffet_1901/dubuffet_21.jpg,6
ArtemisArt/dubuffet - jean-dubuffet_1901/dubuffet_25.jpg,4
ArtemisArt/dubuffet - jean-dubuffet_1901/dubuffet_5.jpg,4
ArtemisArt/dubuffet - jean-dubuffet_1901/dubuffet_9.jpg,-1
ArtemisArt/duccio - duccio-di-buoninsegna_1255/duccio_12.jpg,6
ArtemisArt/duccio - duccio-di-buoninsegna_1255/duccio_16.jpg,7
ArtemisArt/duccio - duccio-di-buoninsegna_1255/duccio_4.jpg,6
ArtemisArt/duccio - duccio-di-buoninsegna_1255/duccio_8.jpg,3
ArtemisArt/dufy - raoul-dufy_1877/dufy_11.jpg,15
ArtemisArt/dufy - raoul-dufy_1877/dufy_15.jpg,5
ArtemisArt/dufy - raoul-dufy_1877/dufy_19.jpg,4
ArtemisArt/dufy - raoul-dufy_1877/dufy_22.jpg,7
ArtemisArt/dufy - raoul-dufy_1877/dufy_26.jpg,2
ArtemisArt/dufy - raoul-dufy_1877/dufy_3.jpg,9
ArtemisArt/dufy - raoul-dufy_1877/dufy_33.jpg,11
ArtemisArt/dufy - raoul-dufy_1877/dufy_37.jpg,13
ArtemisArt/dufy - raoul-dufy_1877/dufy_40.jpg,10
ArtemisArt/dufy - raoul-dufy_1877/dufy_44.jpg,5
ArtemisArt/dufy - raoul-dufy_1877/dufy_48.jpg,10
ArtemisArt/dufy - raoul-dufy_1877/dufy_51.jpg,0
ArtemisArt/dufy - raoul-dufy_1877/dufy_7.jpg,13
ArtemisArt/dughet - gaspard-dughet-ou-duguet-dit-le-guaspre_1615/dughet_10.jpg,12
ArtemisArt/dughet - gaspard-dughet-ou-duguet-dit-le-guaspre_1615/dughet_4.jpg,4
ArtemisArt/dughet - gaspard-dughet-ou-duguet-dit-le-guaspre_1615/dughet_8.jpg,13
ArtemisArt/duplessis - joseph-silfrede-duplessis_1725/duplessis_2.jpg,10
ArtemisArt/duplessis - joseph-silfrede-duplessis_1725/duplessis_6.jpg,5
ArtemisArt/durer - albrecht-durer_1471/durer_1.jpg,8
ArtemisArt/durer - albrecht-durer_1471/durer_13.jpg,14
ArtemisArt/durer - albrecht-durer_1471/durer_17.jpg,4
ArtemisArt/durer - albrecht-durer_1471/durer_20.jpg,15
ArtemisArt/durer - albrecht-durer_1471/durer_6.jpg,3
ArtemisArt/edelfeld - albert-edelfelt_1854/edelfelt_1.jpg,10
ArtemisArt/edelfeld - albert-edelfelt_1854/edelfelt_13.jpg,4
ArtemisArt/edelfeld - albert-edelfelt_1854/edelfelt_17.jpg,5
ArtemisArt/edelfeld - albert-edelfelt_1854/edelfelt_20.jpg,3
ArtemisArt/edelfeld - albert-edelfelt_1854/edelfelt_24.jpg,1
ArtemisArt/edelfeld - albert-edelfelt_1854/edelfelt_28.jpg,11
ArtemisArt/edelfeld - albert-edelfelt_1854/edelfelt_31.jpg,3
ArtemisArt/edelfeld - albert-edelfelt_1854/edelfelt_35.jpg,3
ArtemisArt/edelfeld - albert-edelfelt_1854/edelfelt_39.jpg,10
ArtemisArt/edelfeld - albert-edelfelt_1854/edelfelt_42.jpg,14
ArtemisArt/edelfeld - albert-edelfelt_1854/edelfelt_8.jpg,11
ArtemisArt/eisner - anne-eisner_1911/eisner_2.jpg,10
ArtemisArt/eisner - anne-eisner_1911/eisner_6.jpg,13
ArtemisArt/el-glaoui - hassan-el-glaoui_1923/el-glaoui_1.jpg,0
ArtemisArt/el-glaoui - hassan-el-glaoui_1923/el-glaoui_5.jpg,9
ArtemisArt/el-lissitzky - lazar-lissitzky_1890/el-lissitzky_1.jpg,8
ArtemisArt/el-lissitzky - lazar-lissitzky_1890/el-lissitzky_3.jpg,11
ArtemisArt/el-lissitzky - lazar-lissitzky_1890/el-lissitzky_7.jpg,3
ArtemisArt/ensor - james-ensor_1860/ensor_10.jpg,3
ArtemisArt/ensor - james-ensor_1860/ensor_14.jpg,9
ArtemisArt/ensor - james-ensor_1860/ensor_18.jpg,8
ArtemisArt/ensor - james-ensor_1860/ensor_3.jpg,10
ArtemisArt/ensor - james-ensor_1860/ensor_7.jpg,6
ArtemisArt/ernst - max-ernst_1891/ernst_10.jpg,14
ArtemisArt/ernst - max-ernst_1891/ernst_14.jpg,4
ArtemisArt/ernst - max-ernst_1891/ernst_18.jpg,7
ArtemisArt/ernst - max-ernst_1891/ernst_21.jpg,2
ArtemisArt/ernst - max-ernst_1891/ernst_25.jpg,10
ArtemisArt/ernst - max-ernst_1891/ernst_29.jpg,3
ArtemisArt/ernst - max-ernst_1891/ernst_32.jpg,11
ArtemisArt/ernst - max-ernst_1891/ernst_36.jpg,2
ArtemisArt/ernst - max-ernst_1891/ernst_4.jpg,3
ArtemisArt/ernst - max-ernst_1891/ernst_43.jpg,13
ArtemisArt/ernst - max-ernst_1891/ernst_6.jpg,15
ArtemisArt/escher - maurits-cornelis-escher_1898/escher_1.jpg,9
ArtemisArt/escher - maurits-cornelis-escher_1898/escher_13.jpg,0
ArtemisArt/escher - maurits-cornelis-escher_1898/escher_17.jpg,-1
ArtemisArt/escher - maurits-cornelis-escher_1898/escher_20.jpg,-1
ArtemisArt/escher - maurits-cornelis-escher_1898/escher_5.jpg,15
ArtemisArt/escher - maurits-cornelis-escher_1898/escher_9.jpg,12
ArtemisArt/fantin-latour - henri-fantin-latour_1836/fantin-latour_12.jpg,13
ArtemisArt/fantin-latour - henri-fantin-latour_1836/fantin-latour_16.jpg,3
ArtemisArt/fantin-latour - henri-fantin-latour_1836/fantin-latour_2.jpg,9
ArtemisArt/fantin-latour - henri-fantin-latour_1836/fantin-latour_23.jpg,12
ArtemisArt/fantin-latour - henri-fantin-latour_1836/fantin-latour_27.jpg,8
ArtemisArt/fantin-latour - henri-fantin-latour_1836/fantin-latour_5.jpg,7
ArtemisArt/fantin-latour - henri-fantin-latour_1836/fantin-latour_9.jpg,5
ArtemisArt/fattori - giovanni-fattori_1825/fattori_12.jpg,2
ArtemisArt/fattori - giovanni-fattori_1825/fattori_3.jpg,1
ArtemisArt/fattori - giovanni-fattori_1825/fattori_7.jpg,15
ArtemisArt/fautrier - jean-fautrier_1898/fautrier_10.jpg,9
ArtemisArt/fautrier - jean-fautrier_1898/fautrier_14.jpg,2
ArtemisArt/fautrier - jean-fautrier_1898/fautrier_18.jpg,11
ArtemisArt/fautrier - jean-fautrier_1898/fautrier_21.jpg,11
ArtemisArt/fautrier - jean-fautrier_1898/fautrier_25.jpg,3
ArtemisArt/fautrier - jean-fautrier_1898/fautrier_29.jpg,9
ArtemisArt/fautrier - jean-fautrier_1898/fautrier_32.jpg,5
ArtemisArt/fautrier - jean-fautrier_1898/fautrier_36.jpg,11
ArtemisArt/fautrier - jean-fautrier_1898/fautrier_4.jpg,10
ArtemisArt/fautrier - jean-fautrier_1898/fautrier_6.jpg,12
ArtemisArt/flandrin-h - hippolyte-flandrin_1809/flandrin-h_1.jpg,12
ArtemisArt/flandrin-h - hippolyte-flandrin_1809/flandrin-h_13.jpg,4
ArtemisArt/flandrin-h - hippolyte-flandrin_1809/flandrin-h_17.jpg,14
ArtemisArt/flandrin-h - hippolyte-flandrin_1809/flandrin-h_20.jpg,7
ArtemisArt/flandrin-h - hippolyte-flandrin_1809/flandrin-h_3.jpg,8
ArtemisArt/flandrin-h - hippolyte-flandrin_1809/flandrin-h_7.jpg,3
ArtemisArt/fleury-richard - fleury-francois-richard-dit-fleury-richard_1777/fleury-richard_10.jpg,12
ArtemisArt/fleury-richard - fleury-francois-richard-dit-fleury-richard_1777/fleury-richard_2.jpg,1
ArtemisArt/fleury-richard - fleury-francois-richard-dit-fleury-richard_1777/fleury-richard_6.jpg,9
ArtemisArt/fontana-lu - lucio-fontana_1899/fontana-lu_1.jpg,1
ArtemisArt/fontana-lu - lucio-fontana_1899/fontana-lu_13.jpg,2
ArtemisArt/fontana-lu - lucio-fontana_1899/fontana-lu_17.jpg,5
ArtemisArt/fontana-lu - lucio-fontana_1899/fontana-lu_20.jpg,11
ArtemisArt/fontana-lu - lucio-fontana_1899/fontana-lu_24.jpg,5
ArtemisArt/fontana-lu - lucio-fontana_1899/fontana-lu_28.jpg,4
ArtemisArt/fontana-lu - lucio-fontana_1899/fontana-lu_31.jpg,4
ArtemisArt/fontana-lu - lucio-fontana_1899/fontana-lu_35.jpg,3
ArtemisArt/fontana-lu - lucio-fontana_1899/fontana-lu_7.jpg,9
ArtemisArt/fra-angelico - baccio-della-porta-ou-guido-di-pietro-dit_1417/fra-angelico_10.jpg,1
ArtemisArt/fra-angelico - baccio-della-porta-ou-guido-di-pietro-dit_1417/fra-angelico_103.jpg,7
ArtemisArt/fra-angelico - baccio-della-porta-ou-guido-di-pietro-dit_1417/fra-angelico_107.jpg,1
ArtemisArt/fra-angelico - baccio-della-porta-ou-guido-di-pietro-dit_1417/fra-angelico_110.jpg,3
ArtemisArt/fra-angelico - baccio-della-porta-ou-guido-di-pietro-dit_1417/fra-angelico_114.jpg,12
ArtemisArt/fra-angelico - baccio-della-porta-ou-guido-di-pietro-dit_1417/fra-angelico_118.jpg,5
ArtemisArt/fra-angelico - baccio-della-porta-ou-guido-di-pietro-dit_1417/fra-angelico_121.jpg,9
ArtemisArt/fra-angelico - baccio-della-porta-ou-guido-di-pietro-dit_1417/fra-angelico_125.jpg,2
ArtemisArt/fra-angelico - baccio-della-porta-ou-guido-di-pietro-dit_1417/fra-angelico_129.jpg,4
ArtemisArt/fra-angelico - baccio-della-porta-ou-guido-di-pietro-dit_1417/fra-angelico_132.jpg,1
ArtemisArt/fra-angelico - baccio-della-porta-ou-guido-di-pietro-dit_1417/fra-angelico_136.jpg,5
ArtemisArt/fra-angelico - baccio-della-porta-ou-guido-di-pietro-dit_1417/fra-angelico_14.jpg,12
ArtemisArt/fra-angelico - baccio-della-porta-ou-guido-di-pietro-dit_1417/fra-angelico_143.jpg,3
ArtemisArt/fra-angelico - baccio-della-porta-ou-guido-di-pietro-dit_1417/fra-angelico_147.jpg,6
ArtemisArt/fra-angelico - baccio-della-porta-ou-guido-di-pietro-dit_1417/fra-angelico_150.jpg,1
ArtemisArt/fra-angelico - baccio-della-porta-ou-guido-di-pietro-dit_1417/fra-angelico_16.jpg,11
ArtemisArt/fra-angelico - baccio-della-porta-ou-guido-di-pietro-dit_1417/fra-angelico_2.jpg,4
ArtemisArt/fra-angelico - baccio-della-porta-ou-guido-di-pietro-dit_1417/fra-angelico_23.jpg,6
ArtemisArt/fra-angelico - baccio-della-porta-ou-guido-di-pietro-dit_1417/fra-angelico_27.jpg,13
ArtemisArt/fra-angelico - baccio-della-porta-ou-guido-di-pietro-dit_1417/fra-angelico_30.jpg,12
ArtemisArt/fra-angelico - baccio-della-porta-ou-guido-di-pietro-dit_1417/fra-angelico_34.jpg,4
ArtemisArt/fra-angelico - baccio-della-porta-ou-guido-di-pietro-dit_1417/fra-angelico_38.jpg,3
ArtemisArt/fra-angelico - baccio-della-porta-ou-guido-di-pietro-dit_1417/fra-angelico_41.jpg,6
ArtemisArt/fra-angelico - baccio-della-porta-ou-guido-di-pietro-dit_1417/fra-angelico_45.jpg,0
ArtemisArt/fra-angelico - baccio-della-porta-ou-guido-di-pietro-dit_1417/fra-angelico_49.jpg,1
ArtemisArt/fra-angelico - baccio-della-porta-ou-guido-di-pietro-dit_1417/fra-angelico_52.jpg,5
ArtemisArt/fra-angelico - baccio-della-porta-ou-guido-di-pietro-dit_1417/fra-angelico_56.jpg,14
ArtemisArt/fra-angelico - baccio-della-porta-ou-guido-di-pietro-dit_1417/fra-angelico_6.jpg,5
ArtemisArt/fra-angelico - baccio-della-porta-ou-guido-di-pietro-dit_1417/fra-angelico_63.jpg,5
ArtemisArt/fra-angelico - baccio-della-porta-ou-guido-di-pietro-dit_1417/fra-angelico_67.jpg,5
ArtemisArt/fra-angelico - baccio-della-porta-ou-guido-di-pietro-dit_1417/fra-angelico_70.jpg,9
ArtemisArt/fra-angelico - baccio-della-porta-ou-guido-di-pietro-dit_1417/fra-angelico_74.jpg,14
ArtemisArt/fra-angelico - baccio-della-porta-ou-guido-di-pietro-dit_1417/fra-angelico_78.jpg,7
ArtemisArt/fra-angelico - baccio-della-porta-ou-guido-di-pietro-dit_1417/fra-angelico_81.jpg,7
ArtemisArt/fra-angelico - baccio-della-porta-ou-guido-di-pietro-dit_1417/fra-angelico_85.jpg,5
ArtemisArt/fra-angelico - baccio-della-porta-ou-guido-di-pietro-dit_1417/fra-angelico_89.jpg,8
ArtemisArt/fra-angelico - baccio-della-porta-ou-guido-di-pietro-dit_1417/fra-angelico_92.jpg,5
ArtemisArt/fra-angelico - baccio-della-porta-ou-guido-di-pietro-dit_1417/fra-angelico_96.jpg,14
ArtemisArt/fra-bartolomeo - baccio-della-porta-dit-fra-bartolomeo_1473/fra-bartolomeo_1.jpg,7
ArtemisArt/fra-bartolomeo - baccio-della-porta-dit-fra-bartolomeo_1473/fra-bartolomeo_13.jpg,5
ArtemisArt/fra-bartolomeo - baccio-della-porta-dit-fra-bartolomeo_1473/fra-bartolomeo_17.jpg,14
ArtemisArt/fra-bartolomeo - baccio-della-porta-dit-fra-bartolomeo_1473/fra-bartolomeo_20.jpg,2
ArtemisArt/fra-bartolomeo - baccio-della-porta-dit-fra-bartolomeo_1473/fra-bartolomeo_24.jpg,13
ArtemisArt/fra-bartolomeo - baccio-della-porta-dit-fra-bartolomeo_1473/fra-bartolomeo_28.jpg,1
ArtemisArt/fra-bartolomeo - baccio-della-porta-dit-fra-bartolomeo_1473/fra-bartolomeo_31.jpg,10
ArtemisArt/fra-bartolomeo - baccio-della-porta-dit-fra-bartolomeo_1473/fra-bartolomeo_35.jpg,5
ArtemisArt/fra-bartolomeo - baccio-della-porta-dit-fra-bartolomeo_1473/fra-bartolomeo_39.jpg,14
ArtemisArt/fra-bartolomeo - baccio-della-porta-dit-fra-bartolomeo_1473/fra-bartolomeo_7.jpg,1
ArtemisArt/fragonard - jean-honore-fragonard_1735/fragonard_10.jpg,9
ArtemisArt/fragonard - jean-honore-fragonard_1735/fragonard_14.jpg,0
ArtemisArt/fragonard - jean-honore-fragonard_1735/fragonard_18.jpg,2
ArtemisArt/fragonard - jean-honore-fragonard_1735/fragonard_21.jpg,5
ArtemisArt/fragonard - jean-honore-fragonard_1735/fragonard_25.jpg,10
ArtemisArt/fragonard - jean-honore-fragonard_1735/fragonard_3.jpg,14
ArtemisArt/fragonard - jean-honore-fragonard_1735/fragonard_33.jpg,11
ArtemisArt/fragonard - jean-honore-fragonard_1735/fragonard_37.jpg,15
ArtemisArt/fragonard - jean-honore-fragonard_1735/fragonard_40.jpg,0
ArtemisArt/fragonard - jean-honore-fragonard_1735/fragonard_44.jpg,2
ArtemisArt/fragonard - jean-honore-fragonard_1735/fragonard_48.jpg,14
ArtemisArt/fragonard - jean-honore-fragonard_1735/fragonard_51.jpg,13
ArtemisArt/fragonard - jean-honore-fragonard_1735/fragonard_55.jpg,1
ArtemisArt/fragonard - jean-honore-fragonard_1735/fragonard_59.jpg,15
ArtemisArt/fragonard - jean-honore-fragonard_1735/fragonard_7.jpg,2
ArtemisArt/francken - frans-francken-II-dit-le-jeune_1581/francken-II_10.jpg,1
ArtemisArt/francken - frans-francken-II-dit-le-jeune_1581/francken-II_3.jpg,7
ArtemisArt/francken - frans-francken-II-dit-le-jeune_1581/francken-II_7.jpg,15
ArtemisArt/freud - lucian-freud_1922/freud_10.jpg,6
ArtemisArt/freud - lucian-freud_1922/freud_3.jpg,14
ArtemisArt/freud - lucian-freud_1922/freud_7.jpg,14
ArtemisArt/freundlich - otto-freundlich_1878/freundlich_10.jpg,15
ArtemisArt/freundlich - otto-freundlich_1878/freundlich_14.jpg,9
ArtemisArt/freundlich - otto-freundlich_1878/freundlich_18.jpg,8
ArtemisArt/freundlich - otto-freundlich_1878/freundlich_21.jpg,4
ArtemisArt/freundlich - otto-freundlich_1878/freundlich_25.jpg,9
ArtemisArt/freundlich - otto-freundlich_1878/freundlich_29.jpg,2
ArtemisArt/freundlich - otto-freundlich_1878/freundlich_6.jpg,5
ArtemisArt/friant - emile-friant_1863/friant_1.jpg,6
ArtemisArt/friant - emile-friant_1863/friant_13.jpg,15
ArtemisArt/friant - emile-friant_1863/friant_17.jpg,12
ArtemisArt/friant - emile-friant_1863/friant_20.jpg,0
ArtemisArt/friant - emile-friant_1863/friant_24.jpg,2
ArtemisArt/friant - emile-friant_1863/friant_5.jpg,1
ArtemisArt/friant - emile-friant_1863/friant_9.jpg,6
ArtemisArt/frize - bernard-frize_1954/frize_12.jpg,8
ArtemisArt/frize - bernard-frize_1954/frize_16.jpg,7
ArtemisArt/frize - bernard-frize_1954/frize_2.jpg,15
ArtemisArt/frize - bernard-frize_1954/frize_23.jpg,3
ArtemisArt/frize - bernard-frize_1954/frize_27.jpg,10
ArtemisArt/frize - bernard-frize_1954/frize_30.jpg,1
ArtemisArt/frize - bernard-frize_1954/frize_34.jpg,6
ArtemisArt/frize - bernard-frize_1954/frize_5.jpg,0
ArtemisArt/frize - bernard-frize_1954/frize_9.jpg,13
ArtemisArt/fromanger - gerard-fromanger_1939/fromanger_12.jpg,14
ArtemisArt/fromanger - gerard-fromanger_1939/fromanger_16.jpg,13
ArtemisArt/fromanger - gerard-fromanger_1939/fromanger_2.jpg,4
ArtemisArt/fromanger - gerard-fromanger_1939/fromanger_23.jpg,7
ArtemisArt/fromanger - gerard-fromanger_1939/fromanger_27.jpg,8
ArtemisArt/fromanger - gerard-fromanger_1939/fromanger_30.jpg,2
ArtemisArt/fromanger - gerard-fromanger_1939/fromanger_7.jpg,3
ArtemisArt/fussli - johann-heinrich-fussli_1741/fussli_10.jpg,3
ArtemisArt/fussli - johann-heinrich-fussli_1741/fussli_14.jpg,9
ArtemisArt/fussli - johann-heinrich-fussli_1741/fussli_18.jpg,8
ArtemisArt/fussli - johann-heinrich-fussli_1741/fussli_21.jpg,7
ArtemisArt/fussli - johann-heinrich-fussli_1741/fussli_25.jpg,13
ArtemisArt/fussli - johann-heinrich-fussli_1741/fussli_29.jpg,1
ArtemisArt/fussli - johann-heinrich-fussli_1741/fussli_32.jpg,0
ArtemisArt/fussli - johann-heinrich-fussli_1741/fussli_6.jpg,8
ArtemisArt/gabori - mirdidingkingathi-juwarnda-sally-gabori_1924/gabori_1.jpg,15
ArtemisArt/gabori - mirdidingkingathi-juwarnda-sally-gabori_1924/gabori_13.jpg,2
ArtemisArt/gabori - mirdidingkingathi-juwarnda-sally-gabori_1924/gabori_17.jpg,15
ArtemisArt/gabori - mirdidingkingathi-juwarnda-sally-gabori_1924/gabori_20.jpg,3
ArtemisArt/gabori - mirdidingkingathi-juwarnda-sally-gabori_1924/gabori_3.jpg,4
ArtemisArt/gabori - mirdidingkingathi-juwarnda-sally-gabori_1924/gabori_7.jpg,12
ArtemisArt/gabritschevsky - eugene-gabritschevsky_1893/gabritschevsky_10.jpg,14
ArtemisArt/gabritschevsky - eugene-gabritschevsky_1893/gabritschevsky_14.jpg,0
ArtemisArt/gabritschevsky - eugene-gabritschevsky_1893/gabritschevsky_18.jpg,1
ArtemisArt/gabritschevsky - eugene-gabritschevsky_1893/gabritschevsky_21.jpg,12
ArtemisArt/gabritschevsky - eugene-gabritschevsky_1893/gabritschevsky_25.jpg,7
ArtemisArt/gabritschevsky - eugene-gabritschevsky_1893/gabritschevsky_3.jpg,11
ArtemisArt/gabritschevsky - eugene-gabritschevsky_1893/gabritschevsky_7.jpg,11
ArtemisArt/gaddi-a - agnolo-gaddi_1350/gaddi-a_11.jpg,10
ArtemisArt/gaddi-a - agnolo-gaddi_1350/gaddi-a_3.jpg,5
ArtemisArt/gaddi-a - agnolo-gaddi_1350/gaddi-a_7.jpg,11
ArtemisArt/gaddi-t - taddeo-gaddi_1300/gaddi-t_10.jpg,6
ArtemisArt/gaddi-t - taddeo-gaddi_1300/gaddi-t_14.jpg,5
ArtemisArt/gaddi-t - taddeo-gaddi_1300/gaddi-t_18.jpg,12
ArtemisArt/gaddi-t - taddeo-gaddi_1300/gaddi-t_21.jpg,10
ArtemisArt/gaddi-t - taddeo-gaddi_1300/gaddi-t_25.jpg,6
ArtemisArt/gaddi-t - taddeo-gaddi_1300/gaddi-t_29.jpg,4
ArtemisArt/gaddi-t - taddeo-gaddi_1300/gaddi-t_4.jpg,1
ArtemisArt/gaddi-t - taddeo-gaddi_1300/gaddi-t_8.jpg,0
ArtemisArt/gainsborough - thomas-gainsborough_1727/gainsborough_11.jpg,14
ArtemisArt/gainsborough - thomas-gainsborough_1727/gainsborough_15.jpg,13
ArtemisArt/gainsborough - thomas-gainsborough_1727/gainsborough_19.jpg,14
ArtemisArt/gainsborough - thomas-gainsborough_1727/gainsborough_22.jpg,5
ArtemisArt/gainsborough - thomas-gainsborough_1727/gainsborough_26.jpg,4
ArtemisArt/gainsborough - thomas-gainsborough_1727/gainsborough_3.jpg,5
ArtemisArt/gainsborough - thomas-gainsborough_1727/gainsborough_5.jpg,5
ArtemisArt/gainsborough - thomas-gainsborough_1727/gainsborough_9.jpg,15
ArtemisArt/gallen-kallela - akseli-gallen-kallela_1865/gallen-kallela_12.jpg,7
ArtemisArt/gallen-kallela - akseli-gallen-kallela_1865/gallen-kallela_16.jpg,1
ArtemisArt/gallen-kallela - akseli-gallen-kallela_1865/gallen-kallela_2.jpg,4
ArtemisArt/gallen-kallela - akseli-gallen-kallela_1865/gallen-kallela_23.jpg,8
ArtemisArt/gallen-kallela - akseli-gallen-kallela_1865/gallen-kallela_27.jpg,1
ArtemisArt/gallen-kallela - akseli-gallen-kallela_1865/gallen-kallela_30.jpg,6
ArtemisArt/gallen-kallela - akseli-gallen-kallela_1865/gallen-kallela_5.jpg,2
ArtemisArt/gallen-kallela - akseli-gallen-kallela_1865/gallen-kallela_9.jpg,14
ArtemisArt/garofalo - benvenuto-tisi-dit-il-garofalo_1481/garofalo_12.jpg,2
ArtemisArt/garofalo - benvenuto-tisi-dit-il-garofalo_1481/garofalo_16.jpg,3
ArtemisArt/garofalo - benvenuto-tisi-dit-il-garofalo_1481/garofalo_3.jpg,12
ArtemisArt/garofalo - benvenuto-tisi-dit-il-garofalo_1481/garofalo_7.jpg,4
ArtemisArt/garouste - gerard-garouste_1946/garouste_10.jpg,1
ArtemisArt/garouste - gerard-garouste_1946/garouste_14.jpg,5
ArtemisArt/garouste - gerard-garouste_1946/garouste_18.jpg,11
ArtemisArt/garouste - gerard-garouste_1946/garouste_21.jpg,14
ArtemisArt/garouste - gerard-garouste_1946/garouste_25.jpg,9
ArtemisArt/garouste - gerard-garouste_1946/garouste_29.jpg,1
ArtemisArt/garouste - gerard-garouste_1946/garouste_32.jpg,0
ArtemisArt/garouste - gerard-garouste_1946/garouste_36.jpg,6
ArtemisArt/garouste - gerard-garouste_1946/garouste_4.jpg,12
ArtemisArt/garouste - gerard-garouste_1946/garouste_43.jpg,14
ArtemisArt/garouste - gerard-garouste_1946/garouste_47.jpg,14
ArtemisArt/garouste - gerard-garouste_1946/garouste_50.jpg,9
ArtemisArt/garouste - gerard-garouste_1946/garouste_54.jpg,1
ArtemisArt/garouste - gerard-garouste_1946/garouste_58.jpg,5
ArtemisArt/garouste - gerard-garouste_1946/garouste_61.jpg,15
ArtemisArt/garouste - gerard-garouste_1946/garouste_65.jpg,6
ArtemisArt/garouste - gerard-garouste_1946/garouste_69.jpg,10
ArtemisArt/garouste - gerard-garouste_1946/garouste_9.jpg,15
ArtemisArt/gauguin - paul-gauguin_1848/gauguin_12.jpg,0
ArtemisArt/gauguin - paul-gauguin_1848/gauguin_16.jpg,4
ArtemisArt/gauguin - paul-gauguin_1848/gauguin_2.jpg,13
ArtemisArt/gauguin - paul-gauguin_1848/gauguin_23.jpg,14
ArtemisArt/gauguin - paul-gauguin_1848/gauguin_27.jpg,7
ArtemisArt/gauguin - paul-gauguin_1848/gauguin_30.jpg,14
ArtemisArt/gauguin - paul-gauguin_1848/gauguin_34.jpg,9
ArtemisArt/gauguin - paul-gauguin_1848/gauguin_38.jpg,11
ArtemisArt/gauguin - paul-gauguin_1848/gauguin_41.jpg,7
ArtemisArt/gauguin - paul-gauguin_1848/gauguin_45.jpg,4
ArtemisArt/gauguin - paul-gauguin_1848/gauguin_49.jpg,8
ArtemisArt/gauguin - paul-gauguin_1848/gauguin_52.jpg,15
ArtemisArt/gauguin - paul-gauguin_1848/gauguin_56.jpg,1
ArtemisArt/gauguin - paul-gauguin_1848/gauguin_6.jpg,0
ArtemisArt/gauguin - paul-gauguin_1848/gauguin_63.jpg,14
ArtemisArt/gauguin - paul-gauguin_1848/gauguin_67.jpg,8
ArtemisArt/gauguin - paul-gauguin_1848/gauguin_70.jpg,7
ArtemisArt/gauguin - paul-gauguin_1848/gauguin_74.jpg,4
ArtemisArt/gauguin - paul-gauguin_1848/gauguin_9.jpg,13
ArtemisArt/gentileschi-a - artemisia-gentileschi_1593/gentileschi-a_12.jpg,13
ArtemisArt/gentileschi-a - artemisia-gentileschi_1593/gentileschi-a_16.jpg,5
ArtemisArt/gentileschi-a - artemisia-gentileschi_1593/gentileschi-a_2.jpg,7
ArtemisArt/gentileschi-a - artemisia-gentileschi_1593/gentileschi-a_23.jpg,15
ArtemisArt/gentileschi-a - artemisia-gentileschi_1593/gentileschi-a_27.jpg,7
ArtemisArt/gentileschi-a - artemisia-gentileschi_1593/gentileschi-a_30.jpg,3
ArtemisArt/gentileschi-a - artemisia-gentileschi_1593/gentileschi-a_34.jpg,12
ArtemisArt/gentileschi-a - artemisia-gentileschi_1593/gentileschi-a_38.jpg,9
ArtemisArt/gentileschi-a - artemisia-gentileschi_1593/gentileschi-a_41.jpg,6
ArtemisArt/gentileschi-a - artemisia-gentileschi_1593/gentileschi-a_7.jpg,8
ArtemisArt/gentileschi-o - orazio-lomo-dit-gentileschi_1563/gentileschi-o_10.jpg,8
ArtemisArt/gentileschi-o - orazio-lomo-dit-gentileschi_1563/gentileschi-o_14.jpg,6
ArtemisArt/gentileschi-o - orazio-lomo-dit-gentileschi_1563/gentileschi-o_18.jpg,14
ArtemisArt/gentileschi-o - orazio-lomo-dit-gentileschi_1563/gentileschi-o_21.jpg,8
ArtemisArt/gentileschi-o - orazio-lomo-dit-gentileschi_1563/gentileschi-o_6.jpg,12
ArtemisArt/gerard - francois-gerard-baron_1770/gerard_1.jpg,4
ArtemisArt/gerard - francois-gerard-baron_1770/gerard_13.jpg,0
ArtemisArt/gerard - francois-gerard-baron_1770/gerard_17.jpg,10
ArtemisArt/gerard - francois-gerard-baron_1770/gerard_20.jpg,12
ArtemisArt/gerard - francois-gerard-baron_1770/gerard_3.jpg,0
ArtemisArt/gerard - francois-gerard-baron_1770/gerard_7.jpg,10
ArtemisArt/gericault - theodore-gericault_1791/gericault_10.jpg,6
ArtemisArt/gericault - theodore-gericault_1791/gericault_14.jpg,3
ArtemisArt/gericault - theodore-gericault_1791/gericault_18.jpg,8
ArtemisArt/gericault - theodore-gericault_1791/gericault_21.jpg,13
ArtemisArt/gericault - theodore-gericault_1791/gericault_25.jpg,10
ArtemisArt/gericault - theodore-gericault_1791/gericault_29.jpg,15
ArtemisArt/gericault - theodore-gericault_1791/gericault_32.jpg,3
ArtemisArt/gericault - theodore-gericault_1791/gericault_36.jpg,15
ArtemisArt/gericault - theodore-gericault_1791/gericault_4.jpg,13
ArtemisArt/gericault - theodore-gericault_1791/gericault_43.jpg,14
ArtemisArt/gericault - theodore-gericault_1791/gericault_47.jpg,13
ArtemisArt/gericault - theodore-gericault_1791/gericault_50.jpg,0
ArtemisArt/gericault - theodore-gericault_1791/gericault_54.jpg,12
ArtemisArt/gericault - theodore-gericault_1791/gericault_58.jpg,4
ArtemisArt/gericault - theodore-gericault_1791/gericault_9.jpg,9
ArtemisArt/gerome - jean-leon-gerome_1824/gerome_12.jpg,8
ArtemisArt/gerome - jean-leon-gerome_1824/gerome_5.jpg,7
ArtemisArt/gerome - jean-leon-gerome_1824/gerome_9.jpg,9
ArtemisArt/ghirlandaio-d  - domenico-bigordi-dit-ghirlandaio_1448/ghirlandaio-d_12.jpg,1
ArtemisArt/ghirlandaio-d  - domenico-bigordi-dit-ghirlandaio_1448/ghirlandaio-d_16.jpg,10
ArtemisArt/ghirlandaio-d  - domenico-bigordi-dit-ghirlandaio_1448/ghirlandaio-d_2.jpg,3
ArtemisArt/ghirlandaio-d  - domenico-bigordi-dit-ghirlandaio_1448/ghirlandaio-d_23.jpg,6
ArtemisArt/ghirlandaio-d  - domenico-bigordi-dit-ghirlandaio_1448/ghirlandaio-d_27.jpg,5
ArtemisArt/ghirlandaio-d  - domenico-bigordi-dit-ghirlandaio_1448/ghirlandaio-d_30.jpg,2
ArtemisArt/ghirlandaio-d  - domenico-bigordi-dit-ghirlandaio_1448/ghirlandaio-d_34.jpg,3
ArtemisArt/ghirlandaio-d  - domenico-bigordi-dit-ghirlandaio_1448/ghirlandaio-d_38.jpg,1
ArtemisArt/ghirlandaio-d  - domenico-bigordi-dit-ghirlandaio_1448/ghirlandaio-d_5.jpg,9
ArtemisArt/ghirlandaio-d  - domenico-bigordi-dit-ghirlandaio_1448/ghirlandaio-d_9.jpg,12
ArtemisArt/ghirlandaio-r  - ridolfo-bigordi-dit-ghirlandaio_1450/ghirlandaio-r_12.jpg,1
ArtemisArt/ghirlandaio-r  - ridolfo-bigordi-dit-ghirlandaio_1450/ghirlandaio-r_5.jpg,14
ArtemisArt/ghirlandaio-r  - ridolfo-bigordi-dit-ghirlandaio_1450/ghirlandaio-r_9.jpg,14
ArtemisArt/giacometti-g - giovanni-giacometti_1868/giacometti-g_4.jpg,12
ArtemisArt/giacometti-g - giovanni-giacometti_1868/giacometti-g_8.jpg,8
ArtemisArt/giordano - luca-giordano_1634/giordano_12.jpg,6
ArtemisArt/giordano - luca-giordano_1634/giordano_16.jpg,9
ArtemisArt/giordano - luca-giordano_1634/giordano_2.jpg,8
ArtemisArt/giordano - luca-giordano_1634/giordano_23.jpg,15
ArtemisArt/giordano - luca-giordano_1634/giordano_27.jpg,2
ArtemisArt/giordano - luca-giordano_1634/giordano_30.jpg,0
ArtemisArt/giordano - luca-giordano_1634/giordano_34.jpg,6
ArtemisArt/giordano - luca-giordano_1634/giordano_38.jpg,8
ArtemisArt/giordano - luca-giordano_1634/giordano_41.jpg,5
ArtemisArt/giordano - luca-giordano_1634/giordano_45.jpg,15
ArtemisArt/giordano - luca-giordano_1634/giordano_49.jpg,15
ArtemisArt/giordano - luca-giordano_1634/giordano_52.jpg,-1
ArtemisArt/giordano - luca-giordano_1634/giordano_56.jpg,12
ArtemisArt/giordano - luca-giordano_1634/giordano_6.jpg,4
ArtemisArt/giordano - luca-giordano_1634/giordano_63.jpg,15
ArtemisArt/giordano - luca-giordano_1634/giordano_67.jpg,14
ArtemisArt/giordano - luca-giordano_1634/giordano_70.jpg,10
ArtemisArt/giordano - luca-giordano_1634/giordano_74.jpg,2
ArtemisArt/giordano - luca-giordano_1634/giordano_78.jpg,8
ArtemisArt/giordano - luca-giordano_1634/giordano_81.jpg,9
ArtemisArt/giordano - luca-giordano_1634/giordano_85.jpg,0
ArtemisArt/giordano - luca-giordano_1634/giordano_89.jpg,3
ArtemisArt/giordano - luca-giordano_1634/giordano_92.jpg,2
ArtemisArt/giotto - giotto-ou-ambrogiotto-di-bondone_1266/giotto_10.jpg,7
ArtemisArt/giotto - giotto-ou-ambrogiotto-di-bondone_1266/giotto_14.jpg,4
ArtemisArt/giotto - giotto-ou-ambrogiotto-di-bondone_1266/giotto_18.jpg,12
ArtemisArt/giotto - giotto-ou-ambrogiotto-di-bondone_1266/giotto_21.jpg,15
ArtemisArt/giotto - giotto-ou-ambrogiotto-di-bondone_1266/giotto_25.jpg,6
ArtemisArt/giotto - giotto-ou-ambrogiotto-di-bondone_1266/giotto_29.jpg,10
ArtemisArt/giotto - giotto-ou-ambrogiotto-di-bondone_1266/giotto_32.jpg,14
ArtemisArt/giotto - giotto-ou-ambrogiotto-di-bondone_1266/giotto_6.jpg,13
ArtemisArt/girodet - anne-louis-girodet-de-roussy-trioson_1767/girodet_1.jpg,8
ArtemisArt/girodet - anne-louis-girodet-de-roussy-trioson_1767/girodet_13.jpg,2
ArtemisArt/girodet - anne-louis-girodet-de-roussy-trioson_1767/girodet_4.jpg,0
ArtemisArt/girodet - anne-louis-girodet-de-roussy-trioson_1767/girodet_8.jpg,9
ArtemisArt/gleizes - albert-gleizes_1881/gleizes_11.jpg,2
ArtemisArt/gleizes - albert-gleizes_1881/gleizes_15.jpg,4
ArtemisArt/gleizes - albert-gleizes_1881/gleizes_4.jpg,4
ArtemisArt/gleizes - albert-gleizes_1881/gleizes_8.jpg,7
ArtemisArt/gontcharova - natalia-sergueievna-gontcharova_1881/gontcharova_11.jpg,12
ArtemisArt/gontcharova - natalia-sergueievna-gontcharova_1881/gontcharova_15.jpg,7
ArtemisArt/gontcharova - natalia-sergueievna-gontcharova_1881/gontcharova_4.jpg,5
ArtemisArt/gontcharova - natalia-sergueievna-gontcharova_1881/gontcharova_8.jpg,4
ArtemisArt/gonzalez - roberta-gonzalez_1909/gonzalez_2.jpg,9
ArtemisArt/gonzalez - roberta-gonzalez_1909/gonzalez_6.jpg,10
ArtemisArt/goya - francisco-de-goya_1746/goya_1.jpg,3
ArtemisArt/goya - francisco-de-goya_1746/goya_13.jpg,-1
ArtemisArt/goya - francisco-de-goya_1746/goya_17.jpg,7
ArtemisArt/goya - francisco-de-goya_1746/goya_20.jpg,1
ArtemisArt/goya - francisco-de-goya_1746/goya_24.jpg,3
ArtemisArt/goya - francisco-de-goya_1746/goya_28.jpg,7
ArtemisArt/goya - francisco-de-goya_1746/goya_31.jpg,9
ArtemisArt/goya - francisco-de-goya_1746/goya_35.jpg,12
ArtemisArt/goya - francisco-de-goya_1746/goya_39.jpg,3
ArtemisArt/goya - francisco-de-goya_1746/goya_42.jpg,2
ArtemisArt/goya - francisco-de-goya_1746/goya_46.jpg,7
ArtemisArt/goya - francisco-de-goya_1746/goya_5.jpg,5
ArtemisArt/goya - francisco-de-goya_1746/goya_53.jpg,4
ArtemisArt/goya - francisco-de-goya_1746/goya_57.jpg,3
ArtemisArt/goya - francisco-de-goya_1746/goya_60.jpg,9
ArtemisArt/goya - francisco-de-goya_1746/goya_64.jpg,2
ArtemisArt/goya - francisco-de-goya_1746/goya_68.jpg,15
ArtemisArt/gozzoli - benozzo-di-lese-di-sandro-dit-gozzoli_1420/gozzoli_1.jpg,15
ArtemisArt/gozzoli - benozzo-di-lese-di-sandro-dit-gozzoli_1420/gozzoli_13.jpg,0
ArtemisArt/gozzoli - benozzo-di-lese-di-sandro-dit-gozzoli_1420/gozzoli_17.jpg,12
ArtemisArt/gozzoli - benozzo-di-lese-di-sandro-dit-gozzoli_1420/gozzoli_3.jpg,14
ArtemisArt/gozzoli - benozzo-di-lese-di-sandro-dit-gozzoli_1420/gozzoli_7.jpg,3
ArtemisArt/granacci - francesco-granacci_1469/granacci_10.jpg,13
ArtemisArt/granacci - francesco-granacci_1469/granacci_14.jpg,1
ArtemisArt/granacci - francesco-granacci_1469/granacci_4.jpg,0
ArtemisArt/granacci - francesco-granacci_1469/granacci_8.jpg,7
ArtemisArt/granet - francois-marius-granet_1775/granet_2.jpg,11
ArtemisArt/granet - francois-marius-granet_1775/granet_6.jpg,12
ArtemisArt/greuze - jean-baptiste-greuze_1721/greuze_1.jpg,3
ArtemisArt/greuze - jean-baptiste-greuze_1721/greuze_13.jpg,7
ArtemisArt/greuze - jean-baptiste-greuze_1721/greuze_17.jpg,4
ArtemisArt/greuze - jean-baptiste-greuze_1721/greuze_20.jpg,14
ArtemisArt/greuze - jean-baptiste-greuze_1721/greuze_24.jpg,0
ArtemisArt/greuze - jean-baptiste-greuze_1721/greuze_28.jpg,10
ArtemisArt/greuze - jean-baptiste-greuze_1721/greuze_31.jpg,15
ArtemisArt/greuze - jean-baptiste-greuze_1721/greuze_35.jpg,15
ArtemisArt/greuze - jean-baptiste-greuze_1721/greuze_39.jpg,6
ArtemisArt/greuze - jean-baptiste-greuze_1721/greuze_42.jpg,13
ArtemisArt/greuze - jean-baptiste-greuze_1721/greuze_46.jpg,13
ArtemisArt/greuze - jean-baptiste-greuze_1721/greuze_5.jpg,2
ArtemisArt/greuze - jean-baptiste-greuze_1721/greuze_53.jpg,12
ArtemisArt/greuze - jean-baptiste-greuze_1721/greuze_57.jpg,13
ArtemisArt/greuze - jean-baptiste-greuze_1721/greuze_60.jpg,2
ArtemisArt/greuze - jean-baptiste-greuze_1721/greuze_64.jpg,3
ArtemisArt/greuze - jean-baptiste-greuze_1721/greuze_68.jpg,15
ArtemisArt/greuze - jean-baptiste-greuze_1721/greuze_71.jpg,13
ArtemisArt/greuze - jean-baptiste-greuze_1721/greuze_75.jpg,10
ArtemisArt/greuze - jean-baptiste-greuze_1721/greuze_79.jpg,3
ArtemisArt/greuze - jean-baptiste-greuze_1721/greuze_82.jpg,4
ArtemisArt/greuze - jean-baptiste-greuze_1721/greuze_86.jpg,10
ArtemisArt/gris - juan-gris_1887/gris_10.jpg,7
ArtemisArt/gris - juan-gris_1887/gris_14.jpg,10
ArtemisArt/gris - juan-gris_1887/gris_18.jpg,9
ArtemisArt/gris - juan-gris_1887/gris_21.jpg,1
ArtemisArt/gris - juan-gris_1887/gris_4.jpg,5
ArtemisArt/gris - juan-gris_1887/gris_8.jpg,9
ArtemisArt/gromaire - maurice-gromaire_1892/gromaire_11.jpg,5
ArtemisArt/gromaire - maurice-gromaire_1892/gromaire_15.jpg,7
ArtemisArt/gromaire - maurice-gromaire_1892/gromaire_19.jpg,15
ArtemisArt/gromaire - maurice-gromaire_1892/gromaire_22.jpg,1
ArtemisArt/gromaire - maurice-gromaire_1892/gromaire_26.jpg,3
ArtemisArt/gromaire - maurice-gromaire_1892/gromaire_3.jpg,6
ArtemisArt/gromaire - maurice-gromaire_1892/gromaire_33.jpg,0
ArtemisArt/gromaire - maurice-gromaire_1892/gromaire_4.jpg,2
ArtemisArt/gromaire - maurice-gromaire_1892/gromaire_8.jpg,2
ArtemisArt/gros - antoine-jean-gros-dit-baron-gros_1771/gros_11.jpg,10
ArtemisArt/gros - antoine-jean-gros-dit-baron-gros_1771/gros_15.jpg,4
ArtemisArt/gros - antoine-jean-gros-dit-baron-gros_1771/gros_19.jpg,11
ArtemisArt/gros - antoine-jean-gros-dit-baron-gros_1771/gros_22.jpg,12
ArtemisArt/gros - antoine-jean-gros-dit-baron-gros_1771/gros_26.jpg,8
ArtemisArt/gros - antoine-jean-gros-dit-baron-gros_1771/gros_3.jpg,6
ArtemisArt/gros - antoine-jean-gros-dit-baron-gros_1771/gros_5.jpg,14
ArtemisArt/gros - antoine-jean-gros-dit-baron-gros_1771/gros_9.jpg,0
ArtemisArt/grosz - georg-grosz_1893/grosz_12.jpg,11
ArtemisArt/grosz - georg-grosz_1893/grosz_3.jpg,8
ArtemisArt/grosz - georg-grosz_1893/grosz_7.jpg,8
ArtemisArt/guardi - francesco-guardi_1712/guardi_10.jpg,5
ArtemisArt/guardi - francesco-guardi_1712/guardi_14.jpg,2
ArtemisArt/guardi - francesco-guardi_1712/guardi_18.jpg,10
ArtemisArt/guardi - francesco-guardi_1712/guardi_21.jpg,12
ArtemisArt/guardi - francesco-guardi_1712/guardi_25.jpg,8
ArtemisArt/guardi - francesco-guardi_1712/guardi_29.jpg,13
ArtemisArt/guardi - francesco-guardi_1712/guardi_32.jpg,3
ArtemisArt/guardi - francesco-guardi_1712/guardi_36.jpg,0
ArtemisArt/guardi - francesco-guardi_1712/guardi_4.jpg,15
ArtemisArt/guardi - francesco-guardi_1712/guardi_43.jpg,14
ArtemisArt/guardi - francesco-guardi_1712/guardi_47.jpg,8
ArtemisArt/guardi - francesco-guardi_1712/guardi_50.jpg,0
ArtemisArt/guardi - francesco-guardi_1712/guardi_54.jpg,14
ArtemisArt/guardi - francesco-guardi_1712/guardi_8.jpg,6
ArtemisArt/guerin - pierre-narcisse-guerin_1774/guerin_3.jpg,11
ArtemisArt/guerin - pierre-narcisse-guerin_1774/guerin_7.jpg,4
ArtemisArt/guillaumin - armand-guillaumin_1841/guillaumin_11.jpg,2
ArtemisArt/guillaumin - armand-guillaumin_1841/guillaumin_5.jpg,9
ArtemisArt/guillaumin - armand-guillaumin_1841/guillaumin_9.jpg,4
ArtemisArt/guitet - james-guitet_1925/guitet_12.jpg,12
ArtemisArt/guitet - james-guitet_1925/guitet_16.jpg,6
ArtemisArt/guitet - james-guitet_1925/guitet_4.jpg,6
ArtemisArt/guitet - james-guitet_1925/guitet_8.jpg,0
ArtemisArt/halonen - pakka-halonen_1865/halonen_11.jpg,8
ArtemisArt/halonen - pakka-halonen_1865/halonen_15.jpg,15
ArtemisArt/halonen - pakka-halonen_1865/halonen_19.jpg,8
ArtemisArt/halonen - pakka-halonen_1865/halonen_22.jpg,3
ArtemisArt/halonen - pakka-halonen_1865/halonen_26.jpg,1
ArtemisArt/halonen - pakka-halonen_1865/halonen_3.jpg,4
ArtemisArt/halonen - pakka-halonen_1865/halonen_33.jpg,0
ArtemisArt/halonen - pakka-halonen_1865/halonen_37.jpg,1
ArtemisArt/halonen - pakka-halonen_1865/halonen_40.jpg,8
ArtemisArt/halonen - pakka-halonen_1865/halonen_44.jpg,9
ArtemisArt/halonen - pakka-halonen_1865/halonen_48.jpg,6
ArtemisArt/halonen - pakka-halonen_1865/halonen_51.jpg,0
ArtemisArt/halonen - pakka-halonen_1865/halonen_55.jpg,4
ArtemisArt/halonen - pakka-halonen_1865/halonen_59.jpg,9
ArtemisArt/halonen - pakka-halonen_1865/halonen_62.jpg,3
ArtemisArt/hals - frans-hals_1580/hals_1.jpg,2
ArtemisArt/hals - frans-hals_1580/hals_3.jpg,4
ArtemisArt/hals - frans-hals_1580/hals_7.jpg,4
ArtemisArt/hamdad - bilal-hamdad_1987/hamdad_10.jpg,13
ArtemisArt/hamdad - bilal-hamdad_1987/hamdad_2.jpg,13
ArtemisArt/hamdad - bilal-hamdad_1987/hamdad_6.jpg,10
ArtemisArt/hammershoi - vilhelm-hammershoi_1864/hammershoi_1.jpg,8
ArtemisArt/hammershoi - vilhelm-hammershoi_1864/hammershoi_13.jpg,11
ArtemisArt/hammershoi - vilhelm-hammershoi_1864/hammershoi_17.jpg,11
ArtemisArt/hammershoi - vilhelm-hammershoi_1864/hammershoi_20.jpg,14
ArtemisArt/hammershoi - vilhelm-hammershoi_1864/hammershoi_24.jpg,14
ArtemisArt/hammershoi - vilhelm-hammershoi_1864/hammershoi_28.jpg,2
ArtemisArt/hammershoi - vilhelm-hammershoi_1864/hammershoi_31.jpg,10
ArtemisArt/hammershoi - vilhelm-hammershoi_1864/hammershoi_5.jpg,0
ArtemisArt/hammershoi - vilhelm-hammershoi_1864/hammershoi_9.jpg,3
ArtemisArt/hantai - simon-handi-dit-hantai_1922/hantai_4.jpg,5
ArtemisArt/hantai - simon-handi-dit-hantai_1922/hantai_8.jpg,7
ArtemisArt/haring - keith-haring_1956/haring_11.jpg,13
ArtemisArt/haring - keith-haring_1956/haring_15.jpg,4
ArtemisArt/haring - keith-haring_1956/haring_19.jpg,13
ArtemisArt/haring - keith-haring_1956/haring_22.jpg,5
ArtemisArt/haring - keith-haring_1956/haring_26.jpg,10
ArtemisArt/haring - keith-haring_1956/haring_3.jpg,1
ArtemisArt/haring - keith-haring_1956/haring_6.jpg,13
ArtemisArt/hartung - hans-hartung_1904/hartung_1.jpg,0
ArtemisArt/hartung - hans-hartung_1904/hartung_13.jpg,15
ArtemisArt/hartung - hans-hartung_1904/hartung_17.jpg,2
ArtemisArt/hartung - hans-hartung_1904/hartung_20.jpg,5
ArtemisArt/hartung - hans-hartung_1904/hartung_24.jpg,12
ArtemisArt/hartung - hans-hartung_1904/hartung_28.jpg,11
ArtemisArt/hartung - hans-hartung_1904/hartung_31.jpg,1
ArtemisArt/hartung - hans-hartung_1904/hartung_35.jpg,0
ArtemisArt/hartung - hans-hartung_1904/hartung_7.jpg,15
ArtemisArt/hayden - henri-hayden_1883/hayden_2.jpg,8
ArtemisArt/hayden - henri-hayden_1883/hayden_6.jpg,7
ArtemisArt/haydon - benjamin-robert-haydon_1786/haydon_2.jpg,6
ArtemisArt/haydon - benjamin-robert-haydon_1786/haydon_6.jpg,6
ArtemisArt/hebert - ernest-hebert_1817/hebert_11.jpg,13
ArtemisArt/hebert - ernest-hebert_1817/hebert_15.jpg,13
ArtemisArt/hebert - ernest-hebert_1817/hebert_19.jpg,1
ArtemisArt/hebert - ernest-hebert_1817/hebert_5.jpg,12
ArtemisArt/hebert - ernest-hebert_1817/hebert_9.jpg,5
ArtemisArt/helion - jean-helion_1904/helion_12.jpg,1
ArtemisArt/helion - jean-helion_1904/helion_16.jpg,11
ArtemisArt/helion - jean-helion_1904/helion_2.jpg,5
ArtemisArt/helion - jean-helion_1904/helion_23.jpg,15
ArtemisArt/helion - jean-helion_1904/helion_27.jpg,13
ArtemisArt/helion - jean-helion_1904/helion_30.jpg,13
ArtemisArt/helion - jean-helion_1904/helion_34.jpg,2
ArtemisArt/helion - jean-helion_1904/helion_38.jpg,9
ArtemisArt/helion - jean-helion_1904/helion_41.jpg,4
ArtemisArt/helion - jean-helion_1904/helion_45.jpg,4
ArtemisArt/helion - jean-helion_1904/helion_49.jpg,13
ArtemisArt/helion - jean-helion_1904/helion_52.jpg,4
ArtemisArt/helion - jean-helion_1904/helion_56.jpg,15
ArtemisArt/helion - jean-helion_1904/helion_6.jpg,2
ArtemisArt/helion - jean-helion_1904/helion_63.jpg,12
ArtemisArt/henner - jean-jacques-henner_1829/henner_1.jpg,6
ArtemisArt/henner - jean-jacques-henner_1829/henner_13.jpg,7
ArtemisArt/henner - jean-jacques-henner_1829/henner_17.jpg,13
ArtemisArt/henner - jean-jacques-henner_1829/henner_20.jpg,13
ArtemisArt/henner - jean-jacques-henner_1829/henner_24.jpg,11
ArtemisArt/henner - jean-jacques-henner_1829/henner_28.jpg,1
ArtemisArt/henner - jean-jacques-henner_1829/henner_31.jpg,9
ArtemisArt/henner - jean-jacques-henner_1829/henner_35.jpg,11
ArtemisArt/henner - jean-jacques-henner_1829/henner_39.jpg,0
ArtemisArt/henner - jean-jacques-henner_1829/henner_42.jpg,0
ArtemisArt/henner - jean-jacques-henner_1829/henner_8.jpg,7
ArtemisArt/herbelin - nathanaelle-herbelin_1989/herbelin_11.jpg,0
ArtemisArt/herbelin - nathanaelle-herbelin_1989/herbelin_15.jpg,12
ArtemisArt/herbelin - nathanaelle-herbelin_1989/herbelin_19.jpg,2
ArtemisArt/herbelin - nathanaelle-herbelin_1989/herbelin_22.jpg,15
ArtemisArt/herbelin - nathanaelle-herbelin_1989/herbelin_26.jpg,2
ArtemisArt/herbelin - nathanaelle-herbelin_1989/herbelin_3.jpg,6
ArtemisArt/herbelin - nathanaelle-herbelin_1989/herbelin_6.jpg,8
ArtemisArt/herbin - auguste-herbin_1882/herbin_1.jpg,3
ArtemisArt/herbin - auguste-herbin_1882/herbin_13.jpg,5
ArtemisArt/herbin - auguste-herbin_1882/herbin_17.jpg,9
ArtemisArt/herbin - auguste-herbin_1882/herbin_20.jpg,7
ArtemisArt/herbin - auguste-herbin_1882/herbin_24.jpg,9
ArtemisArt/herbin - auguste-herbin_1882/herbin_28.jpg,9
ArtemisArt/herbin - auguste-herbin_1882/herbin_31.jpg,8
ArtemisArt/herbin - auguste-herbin_1882/herbin_35.jpg,8
ArtemisArt/herbin - auguste-herbin_1882/herbin_39.jpg,3
ArtemisArt/herbin - auguste-herbin_1882/herbin_42.jpg,7
ArtemisArt/herbin - auguste-herbin_1882/herbin_6.jpg,-1
ArtemisArt/hiroshige - utagawa-hiroshige_1787/hiroshige_1.jpg,13
ArtemisArt/hiroshige - utagawa-hiroshige_1787/hiroshige_13.jpg,8
ArtemisArt/hiroshige - utagawa-hiroshige_1787/hiroshige_17.jpg,0
ArtemisArt/hiroshige - utagawa-hiroshige_1787/hiroshige_20.jpg,5
ArtemisArt/hiroshige - utagawa-hiroshige_1787/hiroshige_24.jpg,6
ArtemisArt/hiroshige - utagawa-hiroshige_1787/hiroshige_6.jpg,8
ArtemisArt/hockney - david-hockney_1937/hockney_1.jpg,8
ArtemisArt/hockney - david-hockney_1937/hockney_13.jpg,0
ArtemisArt/hockney - david-hockney_1937/hockney_17.jpg,7
ArtemisArt/hockney - david-hockney_1937/hockney_20.jpg,2
ArtemisArt/hockney - david-hockney_1937/hockney_24.jpg,6
ArtemisArt/hockney - david-hockney_1937/hockney_28.jpg,0
ArtemisArt/hockney - david-hockney_1937/hockney_31.jpg,4
ArtemisArt/hockney - david-hockney_1937/hockney_35.jpg,6
ArtemisArt/hockney - david-hockney_1937/hockney_39.jpg,15
ArtemisArt/hockney - david-hockney_1937/hockney_42.jpg,4
ArtemisArt/hockney - david-hockney_1937/hockney_46.jpg,13
ArtemisArt/hockney - david-hockney_1937/hockney_5.jpg,13
ArtemisArt/hockney - david-hockney_1937/hockney_53.jpg,13
ArtemisArt/hockney - david-hockney_1937/hockney_57.jpg,2
ArtemisArt/hockney - david-hockney_1937/hockney_60.jpg,0
ArtemisArt/hockney - david-hockney_1937/hockney_64.jpg,2
ArtemisArt/hockney - david-hockney_1937/hockney_68.jpg,15
ArtemisArt/hockney - david-hockney_1937/hockney_71.jpg,9
ArtemisArt/hockney - david-hockney_1937/hockney_75.jpg,7
ArtemisArt/hockney - david-hockney_1937/hockney_79.jpg,6
ArtemisArt/hockney - david-hockney_1937/hockney_82.jpg,10
ArtemisArt/hodler - ferdinand-hodler_1855/hodler_1.jpg,3
ArtemisArt/hodler - ferdinand-hodler_1855/hodler_5.jpg,2
ArtemisArt/hodler - ferdinand-hodler_1855/hodler_9.jpg,9
ArtemisArt/hogarth - william-hogarth_1697/hogarth_12.jpg,4
ArtemisArt/hogarth - william-hogarth_1697/hogarth_2.jpg,8
ArtemisArt/hogarth - william-hogarth_1697/hogarth_6.jpg,10
ArtemisArt/holbein - hans-holbein-le-jeune_1497/holbein_1.jpg,4
ArtemisArt/holbein - hans-holbein-le-jeune_1497/holbein_13.jpg,1
ArtemisArt/holbein - hans-holbein-le-jeune_1497/holbein_17.jpg,2
ArtemisArt/holbein - hans-holbein-le-jeune_1497/holbein_5.jpg,7
ArtemisArt/holbein - hans-holbein-le-jeune_1497/holbein_9.jpg,2
ArtemisArt/huet-p - paul-huet_1803/huet-p_12.jpg,13
ArtemisArt/huet-p - paul-huet_1803/huet-p_16.jpg,7
ArtemisArt/huet-p - paul-huet_1803/huet-p_2.jpg,12
ArtemisArt/huet-p - paul-huet_1803/huet-p_23.jpg,9
ArtemisArt/huet-p - paul-huet_1803/huet-p_27.jpg,5
ArtemisArt/huet-p - paul-huet_1803/huet-p_30.jpg,10
ArtemisArt/huet-p - paul-huet_1803/huet-p_5.jpg,11
ArtemisArt/huet-p - paul-huet_1803/huet-p_9.jpg,5
ArtemisArt/hugo - victor-hugo_1802/hugo_4.jpg,10
ArtemisArt/hugo - victor-hugo_1802/hugo_8.jpg,6
ArtemisArt/huysum - jan-van-huysum_1682/huysum_11.jpg,5
ArtemisArt/huysum - jan-van-huysum_1682/huysum_2.jpg,2
ArtemisArt/huysum - jan-van-huysum_1682/huysum_6.jpg,1
ArtemisArt/hyber - fabrice-hyber_1961/hyber_1.jpg,1
ArtemisArt/hyber - fabrice-hyber_1961/hyber_13.jpg,13
ArtemisArt/hyber - fabrice-hyber_1961/hyber_17.jpg,9
ArtemisArt/hyber - fabrice-hyber_1961/hyber_20.jpg,5
ArtemisArt/hyber - fabrice-hyber_1961/hyber_24.jpg,3
ArtemisArt/hyber - fabrice-hyber_1961/hyber_28.jpg,5
ArtemisArt/hyber - fabrice-hyber_1961/hyber_31.jpg,8
ArtemisArt/hyber - fabrice-hyber_1961/hyber_4.jpg,5
ArtemisArt/hyber - fabrice-hyber_1961/hyber_8.jpg,3
ArtemisArt/iannone - dorothy-iannone_1933/iannone_11.jpg,5
ArtemisArt/iannone - dorothy-iannone_1933/iannone_15.jpg,10
ArtemisArt/iannone - dorothy-iannone_1933/iannone_4.jpg,1
ArtemisArt/iannone - dorothy-iannone_1933/iannone_8.jpg,10
ArtemisArt/il-docemo - cristofano-ou-cristoforo-gherardi-dit-il-docemo_1508/il-docemo_3.jpg,13
ArtemisArt/il-docemo - cristofano-ou-cristoforo-gherardi-dit-il-docemo_1508/il-docemo_7.jpg,7
ArtemisArt/ingres - jean-auguste-ingres_1780/ingres_10.jpg,2
ArtemisArt/ingres - jean-auguste-ingres_1780/ingres_14.jpg,4
ArtemisArt/ingres - jean-auguste-ingres_1780/ingres_18.jpg,13
ArtemisArt/ingres - jean-auguste-ingres_1780/ingres_21.jpg,8
ArtemisArt/ingres - jean-auguste-ingres_1780/ingres_25.jpg,12
ArtemisArt/ingres - jean-auguste-ingres_1780/ingres_29.jpg,3
ArtemisArt/ingres - jean-auguste-ingres_1780/ingres_32.jpg,5
ArtemisArt/ingres - jean-auguste-ingres_1780/ingres_36.jpg,12
ArtemisArt/ingres - jean-auguste-ingres_1780/ingres_4.jpg,10
ArtemisArt/ingres - jean-auguste-ingres_1780/ingres_43.jpg,4
ArtemisArt/ingres - jean-auguste-ingres_1780/ingres_47.jpg,4
ArtemisArt/ingres - jean-auguste-ingres_1780/ingres_50.jpg,15
ArtemisArt/ingres - jean-auguste-ingres_1780/ingres_54.jpg,15
ArtemisArt/ingres - jean-auguste-ingres_1780/ingres_58.jpg,5
ArtemisArt/ingres - jean-auguste-ingres_1780/ingres_61.jpg,11
ArtemisArt/ingres - jean-auguste-ingres_1780/ingres_65.jpg,10
ArtemisArt/ingres - jean-auguste-ingres_1780/ingres_69.jpg,10
ArtemisArt/ingres - jean-auguste-ingres_1780/ingres_9.jpg,3
ArtemisArt/isabey - eugene-isabey_1803/isabey_12.jpg,10
ArtemisArt/isabey - eugene-isabey_1803/isabey_16.jpg,3
ArtemisArt/isabey - eugene-isabey_1803/isabey_2.jpg,8
ArtemisArt/isabey - eugene-isabey_1803/isabey_23.jpg,4
ArtemisArt/isabey - eugene-isabey_1803/isabey_6.jpg,4
ArtemisArt/janmot - anne-francois-louis-janmot_1814/janmot_1.jpg,0
ArtemisArt/janmot - anne-francois-louis-janmot_1814/janmot_13.jpg,8
ArtemisArt/janmot - anne-francois-louis-janmot_1814/janmot_17.jpg,14
ArtemisArt/janmot - anne-francois-louis-janmot_1814/janmot_3.jpg,15
ArtemisArt/janmot - anne-francois-louis-janmot_1814/janmot_7.jpg,13
ArtemisArt/jongkind - johan-barthold-jongkind_1819/jongkind_10.jpg,9
ArtemisArt/jongkind - johan-barthold-jongkind_1819/jongkind_14.jpg,11
ArtemisArt/jongkind - johan-barthold-jongkind_1819/jongkind_18.jpg,6
ArtemisArt/jongkind - johan-barthold-jongkind_1819/jongkind_5.jpg,8
ArtemisArt/jongkind - johan-barthold-jongkind_1819/jongkind_9.jpg,1
ArtemisArt/jordaens - jacob-jordaens_1593/jordaens_12.jpg,15
ArtemisArt/jordaens - jacob-jordaens_1593/jordaens_16.jpg,10
ArtemisArt/jordaens - jacob-jordaens_1593/jordaens_2.jpg,6
ArtemisArt/jordaens - jacob-jordaens_1593/jordaens_23.jpg,11
ArtemisArt/jordaens - jacob-jordaens_1593/jordaens_27.jpg,12
ArtemisArt/jordaens - jacob-jordaens_1593/jordaens_30.jpg,0
ArtemisArt/jordaens - jacob-jordaens_1593/jordaens_34.jpg,12
ArtemisArt/jordaens - jacob-jordaens_1593/jordaens_4.jpg,2
ArtemisArt/jordaens - jacob-jordaens_1593/jordaens_8.jpg,6
ArtemisArt/jouvenet - jean-baptiste-jouvenet_1644/jouvenet_11.jpg,15
ArtemisArt/jouvenet - jean-baptiste-jouvenet_1644/jouvenet_15.jpg,11
ArtemisArt/jouvenet - jean-baptiste-jouvenet_1644/jouvenet_19.jpg,13
ArtemisArt/jouvenet - jean-baptiste-jouvenet_1644/jouvenet_22.jpg,8
ArtemisArt/jouvenet - jean-baptiste-jouvenet_1644/jouvenet_26.jpg,9
ArtemisArt/jouvenet - jean-baptiste-jouvenet_1644/jouvenet_3.jpg,12
ArtemisArt/jouvenet - jean-baptiste-jouvenet_1644/jouvenet_4.jpg,6
ArtemisArt/jouvenet - jean-baptiste-jouvenet_1644/jouvenet_8.jpg,5
ArtemisArt/kandinsky - vassily-kandinsky_1866/kandinsky_11.jpg,7
ArtemisArt/kandinsky - vassily-kandinsky_1866/kandinsky_15.jpg,14
ArtemisArt/kandinsky - vassily-kandinsky_1866/kandinsky_19.jpg,14
ArtemisArt/kandinsky - vassily-kandinsky_1866/kandinsky_22.jpg,4
ArtemisArt/kandinsky - vassily-kandinsky_1866/kandinsky_26.jpg,1
ArtemisArt/kandinsky - vassily-kandinsky_1866/kandinsky_3.jpg,11
ArtemisArt/kandinsky - vassily-kandinsky_1866/kandinsky_33.jpg,0
ArtemisArt/kandinsky - vassily-kandinsky_1866/kandinsky_37.jpg,7
ArtemisArt/kandinsky - vassily-kandinsky_1866/kandinsky_40.jpg,6
ArtemisArt/kandinsky - vassily-kandinsky_1866/kandinsky_44.jpg,5
ArtemisArt/kandinsky - vassily-kandinsky_1866/kandinsky_48.jpg,5
ArtemisArt/kandinsky - vassily-kandinsky_1866/kandinsky_51.jpg,15
ArtemisArt/kandinsky - vassily-kandinsky_1866/kandinsky_55.jpg,14
ArtemisArt/kandinsky - vassily-kandinsky_1866/kandinsky_59.jpg,4
ArtemisArt/kandinsky - vassily-kandinsky_1866/kandinsky_62.jpg,4
ArtemisArt/kandinsky - vassily-kandinsky_1866/kandinsky_66.jpg,9
ArtemisArt/kandinsky - vassily-kandinsky_1866/kandinsky_7.jpg,13
ArtemisArt/kandinsky - vassily-kandinsky_1866/kandinsky_73.jpg,11
ArtemisArt/kandinsky - vassily-kandinsky_1866/kandinsky_77.jpg,7
ArtemisArt/kandinsky - vassily-kandinsky_1866/kandinsky_80.jpg,3
ArtemisArt/kelly - ellsworth-kelly_1923/kelly_10.jpg,15
ArtemisArt/kelly - ellsworth-kelly_1923/kelly_14.jpg,1
ArtemisArt/kelly - ellsworth-kelly_1923/kelly_2.jpg,1
ArtemisArt/kelly - ellsworth-kelly_1923/kelly_6.jpg,2
ArtemisArt/kentridge - william-kentridge_1955/kentridge_1.jpg,11
ArtemisArt/kentridge - william-kentridge_1955/kentridge_13.jpg,1
ArtemisArt/kentridge - william-kentridge_1955/kentridge_17.jpg,15
ArtemisArt/kentridge - william-kentridge_1955/kentridge_20.jpg,10
ArtemisArt/kentridge - william-kentridge_1955/kentridge_24.jpg,3
ArtemisArt/kentridge - william-kentridge_1955/kentridge_28.jpg,15
ArtemisArt/kentridge - william-kentridge_1955/kentridge_31.jpg,9
ArtemisArt/kentridge - william-kentridge_1955/kentridge_35.jpg,3
ArtemisArt/kentridge - william-kentridge_1955/kentridge_5.jpg,9
ArtemisArt/kentridge - william-kentridge_1955/kentridge_9.jpg,6
ArtemisArt/khanna - balraj-khanna_1939/khanna_4.jpg,13
ArtemisArt/khnopff - fernand-khnopff_1858/khnopff_1.jpg,10
ArtemisArt/khnopff - fernand-khnopff_1858/khnopff_13.jpg,8
ArtemisArt/khnopff - fernand-khnopff_1858/khnopff_17.jpg,11
ArtemisArt/khnopff - fernand-khnopff_1858/khnopff_20.jpg,3
ArtemisArt/khnopff - fernand-khnopff_1858/khnopff_24.jpg,3
ArtemisArt/khnopff - fernand-khnopff_1858/khnopff_28.jpg,7
ArtemisArt/khnopff - fernand-khnopff_1858/khnopff_31.jpg,11
ArtemisArt/khnopff - fernand-khnopff_1858/khnopff_4.jpg,5
ArtemisArt/khnopff - fernand-khnopff_1858/khnopff_8.jpg,1
ArtemisArt/kiefer - anselm-kiefer_1945/kiefer_11.jpg,13
ArtemisArt/kiefer - anselm-kiefer_1945/kiefer_15.jpg,4
ArtemisArt/kiefer - anselm-kiefer_1945/kiefer_19.jpg,7
ArtemisArt/kiefer - anselm-kiefer_1945/kiefer_22.jpg,6
ArtemisArt/kiefer - anselm-kiefer_1945/kiefer_26.jpg,9
ArtemisArt/kiefer - anselm-kiefer_1945/kiefer_3.jpg,1
ArtemisArt/kiefer - anselm-kiefer_1945/kiefer_33.jpg,11
ArtemisArt/kiefer - anselm-kiefer_1945/kiefer_4.jpg,1
ArtemisArt/kiefer - anselm-kiefer_1945/kiefer_8.jpg,4
ArtemisArt/kirchner - ernst-ludwig-kirchner_1880/kirchner_11.jpg,0
ArtemisArt/kirchner - ernst-ludwig-kirchner_1880/kirchner_3.jpg,8
ArtemisArt/kirchner - ernst-ludwig-kirchner_1880/kirchner_7.jpg,2
ArtemisArt/kisling - moise-kisling_1891/kisling_10.jpg,1
ArtemisArt/kisling - moise-kisling_1891/kisling_3.jpg,14
ArtemisArt/kisling - moise-kisling_1891/kisling_7.jpg,9
ArtemisArt/klee - paul-klee_1879/klee_10.jpg,2
ArtemisArt/klee - paul-klee_1879/klee_14.jpg,10
ArtemisArt/klee - paul-klee_1879/klee_18.jpg,1
ArtemisArt/klee - paul-klee_1879/klee_21.jpg,6
ArtemisArt/klee - paul-klee_1879/klee_25.jpg,14
ArtemisArt/klee - paul-klee_1879/klee_29.jpg,15
ArtemisArt/klee - paul-klee_1879/klee_32.jpg,7
ArtemisArt/klee - paul-klee_1879/klee_36.jpg,4
ArtemisArt/klee - paul-klee_1879/klee_4.jpg,13
ArtemisArt/klee - paul-klee_1879/klee_5.jpg,12
ArtemisArt/klee - paul-klee_1879/klee_9.jpg,1
ArtemisArt/kneller - godfrey-kneller_1646/kneller_12.jpg,12
ArtemisArt/kneller - godfrey-kneller_1646/kneller_16.jpg,1
ArtemisArt/kneller - godfrey-kneller_1646/kneller_5.jpg,10
ArtemisArt/kneller - godfrey-kneller_1646/kneller_9.jpg,13
ArtemisArt/kokoschka - oskar-kokoschka_1886/kokoschka_12.jpg,11
ArtemisArt/kokoschka - oskar-kokoschka_1886/kokoschka_16.jpg,14
ArtemisArt/kokoschka - oskar-kokoschka_1886/kokoschka_2.jpg,14
ArtemisArt/kokoschka - oskar-kokoschka_1886/kokoschka_23.jpg,5
ArtemisArt/kokoschka - oskar-kokoschka_1886/kokoschka_27.jpg,8
ArtemisArt/kokoschka - oskar-kokoschka_1886/kokoschka_30.jpg,5
ArtemisArt/kokoschka - oskar-kokoschka_1886/kokoschka_34.jpg,3
ArtemisArt/kokoschka - oskar-kokoschka_1886/kokoschka_38.jpg,6
ArtemisArt/kokoschka - oskar-kokoschka_1886/kokoschka_41.jpg,15
ArtemisArt/kokoschka - oskar-kokoschka_1886/kokoschka_45.jpg,12
ArtemisArt/kokoschka - oskar-kokoschka_1886/kokoschka_49.jpg,14
ArtemisArt/kokoschka - oskar-kokoschka_1886/kokoschka_52.jpg,6
ArtemisArt/kokoschka - oskar-kokoschka_1886/kokoschka_56.jpg,12
ArtemisArt/kokoschka - oskar-kokoschka_1886/kokoschka_6.jpg,5
ArtemisArt/kokoschka - oskar-kokoschka_1886/kokoschka_63.jpg,8
ArtemisArt/kokoschka - oskar-kokoschka_1886/kokoschka_67.jpg,7
ArtemisArt/kokoschka - oskar-kokoschka_1886/kokoschka_70.jpg,6
ArtemisArt/kokoschka - oskar-kokoschka_1886/kokoschka_74.jpg,0
ArtemisArt/kokoschka - oskar-kokoschka_1886/kokoschka_79.jpg,9
ArtemisArt/kroyer - peder-severin-kroyer_1864/kroyer_1.jpg,2
ArtemisArt/kroyer - peder-severin-kroyer_1864/kroyer_13.jpg,7
ArtemisArt/kroyer - peder-severin-kroyer_1864/kroyer_17.jpg,13
ArtemisArt/kroyer - peder-severin-kroyer_1864/kroyer_20.jpg,11
ArtemisArt/kroyer - peder-severin-kroyer_1864/kroyer_24.jpg,3
ArtemisArt/kroyer - peder-severin-kroyer_1864/kroyer_28.jpg,7
ArtemisArt/kroyer - peder-severin-kroyer_1864/kroyer_5.jpg,2
ArtemisArt/kroyer - peder-severin-kroyer_1864/kroyer_9.jpg,1
ArtemisArt/kupka - frantisek-kupka_1871/kupka_12.jpg,5
ArtemisArt/kupka - frantisek-kupka_1871/kupka_16.jpg,0
ArtemisArt/kupka - frantisek-kupka_1871/kupka_2.jpg,15
ArtemisArt/kupka - frantisek-kupka_1871/kupka_23.jpg,1
ArtemisArt/kupka - frantisek-kupka_1871/kupka_27.jpg,14
ArtemisArt/kupka - frantisek-kupka_1871/kupka_30.jpg,13
ArtemisArt/kupka - frantisek-kupka_1871/kupka_34.jpg,10
ArtemisArt/kupka - frantisek-kupka_1871/kupka_7.jpg,9
ArtemisArt/l-albane - francesco-albani-dit-l-albane_1578/l-albane_10.jpg,2
ArtemisArt/l-albane - francesco-albani-dit-l-albane_1578/l-albane_14.jpg,5
ArtemisArt/l-albane - francesco-albani-dit-l-albane_1578/l-albane_18.jpg,8
ArtemisArt/l-albane - francesco-albani-dit-l-albane_1578/l-albane_21.jpg,3
ArtemisArt/l-albane - francesco-albani-dit-l-albane_1578/l-albane_5.jpg,0
ArtemisArt/l-albane - francesco-albani-dit-l-albane_1578/l-albane_9.jpg,8
ArtemisArt/la-fosse - charles-de-la-fosse_1636/la-fosse_12.jpg,6
ArtemisArt/la-fosse - charles-de-la-fosse_1636/la-fosse_16.jpg,14
ArtemisArt/la-fosse - charles-de-la-fosse_1636/la-fosse_2.jpg,6
ArtemisArt/la-fosse - charles-de-la-fosse_1636/la-fosse_4.jpg,15
ArtemisArt/la-fosse - charles-de-la-fosse_1636/la-fosse_8.jpg,13
ArtemisArt/la-hyre - laurent-de-la-hyre_1606/la-hyre_11.jpg,5
ArtemisArt/la-hyre - laurent-de-la-hyre_1606/la-hyre_15.jpg,6
ArtemisArt/la-hyre - laurent-de-la-hyre_1606/la-hyre_3.jpg,13
ArtemisArt/la-hyre - laurent-de-la-hyre_1606/la-hyre_7.jpg,9
ArtemisArt/lachieze-rey - henri-lachieze-rey_1927/lachieze-rey_10.jpg,5
ArtemisArt/lachieze-rey - henri-lachieze-rey_1927/lachieze-rey_14.jpg,9
ArtemisArt/lachieze-rey - henri-lachieze-rey_1927/lachieze-rey_18.jpg,9
ArtemisArt/lachieze-rey - henri-lachieze-rey_1927/lachieze-rey_4.jpg,0
ArtemisArt/lachieze-rey - henri-lachieze-rey_1927/lachieze-rey_8.jpg,4
ArtemisArt/lancret - nicolas-lancret_1690/lancret_11.jpg,15
ArtemisArt/lancret - nicolas-lancret_1690/lancret_15.jpg,8
ArtemisArt/lancret - nicolas-lancret_1690/lancret_19.jpg,0
ArtemisArt/lancret - nicolas-lancret_1690/lancret_22.jpg,6
ArtemisArt/lancret - nicolas-lancret_1690/lancret_26.jpg,15
ArtemisArt/lancret - nicolas-lancret_1690/lancret_3.jpg,0
ArtemisArt/lancret - nicolas-lancret_1690/lancret_33.jpg,12
ArtemisArt/lancret - nicolas-lancret_1690/lancret_4.jpg,3
ArtemisArt/lancret - nicolas-lancret_1690/lancret_8.jpg,15
ArtemisArt/largilliere - nicolas-de-largilliere_1656/largilliere_11.jpg,4
ArtemisArt/largilliere - nicolas-de-largilliere_1656/largilliere_15.jpg,14
ArtemisArt/largilliere - nicolas-de-largilliere_1656/largilliere_19.jpg,2
ArtemisArt/largilliere - nicolas-de-largilliere_1656/largilliere_22.jpg,1
ArtemisArt/largilliere - nicolas-de-largilliere_1656/largilliere_26.jpg,13
ArtemisArt/largilliere - nicolas-de-largilliere_1656/largilliere_3.jpg,9
ArtemisArt/largilliere - nicolas-de-largilliere_1656/largilliere_5.jpg,15
ArtemisArt/largilliere - nicolas-de-largilliere_1656/largilliere_9.jpg,7
ArtemisArt/larionov - mikhail-larionov_1891/larionov_2.jpg,12
ArtemisArt/larionov - mikhail-larionov_1891/larionov_6.jpg,6
ArtemisArt/laurencin - marie-laurencin_1883/laurencin_1.jpg,7
ArtemisArt/laurencin - marie-laurencin_1883/laurencin_13.jpg,14
ArtemisArt/laurencin - marie-laurencin_1883/laurencin_17.jpg,2
ArtemisArt/laurencin - marie-laurencin_1883/laurencin_3.jpg,13
ArtemisArt/laurencin - marie-laurencin_1883/laurencin_7.jpg,3
ArtemisArt/laurens - jean-paul-laurens_1838/laurens_10.jpg,15
ArtemisArt/laurens - jean-paul-laurens_1838/laurens_5.jpg,11
ArtemisArt/laurens - jean-paul-laurens_1838/laurens_9.jpg,4
ArtemisArt/lawrence - thomas-lawrence_1769/lawrence_12.jpg,9
ArtemisArt/lawrence - thomas-lawrence_1769/lawrence_16.jpg,9
ArtemisArt/lawrence - thomas-lawrence_1769/lawrence_2.jpg,2
ArtemisArt/lawrence - thomas-lawrence_1769/lawrence_4.jpg,8
ArtemisArt/lawrence - thomas-lawrence_1769/lawrence_8.jpg,13
ArtemisArt/le-brun - charles-le-brun_1619/le-brun_11.jpg,8
ArtemisArt/le-brun - charles-le-brun_1619/le-brun_15.jpg,5
ArtemisArt/le-brun - charles-le-brun_1619/le-brun_19.jpg,13
ArtemisArt/le-brun - charles-le-brun_1619/le-brun_22.jpg,1
ArtemisArt/le-brun - charles-le-brun_1619/le-brun_26.jpg,4
ArtemisArt/le-brun - charles-le-brun_1619/le-brun_3.jpg,14
ArtemisArt/le-brun - charles-le-brun_1619/le-brun_33.jpg,10
ArtemisArt/le-brun - charles-le-brun_1619/le-brun_7.jpg,1
ArtemisArt/le-dominiquin - domenico-zampieri-dit-le-dominiquin_1581/le-dominiquin_10.jpg,15
ArtemisArt/le-dominiquin - domenico-zampieri-dit-le-dominiquin_1581/le-dominiquin_5.jpg,6
ArtemisArt/le-dominiquin - domenico-zampieri-dit-le-dominiquin_1581/le-dominiquin_9.jpg,15
ArtemisArt/le-greco - domínikos-theotokópoulos_1541/le-greco_12.jpg,8
ArtemisArt/le-greco - domínikos-theotokópoulos_1541/le-greco_16.jpg,4
ArtemisArt/le-greco - domínikos-theotokópoulos_1541/le-greco_2.jpg,1
ArtemisArt/le-greco - domínikos-theotokópoulos_1541/le-greco_23.jpg,4
ArtemisArt/le-greco - domínikos-theotokópoulos_1541/le-greco_27.jpg,0
ArtemisArt/le-greco - domínikos-theotokópoulos_1541/le-greco_30.jpg,7
ArtemisArt/le-greco - domínikos-theotokópoulos_1541/le-greco_34.jpg,6
ArtemisArt/le-greco - domínikos-theotokópoulos_1541/le-greco_38.jpg,10
ArtemisArt/le-greco - domínikos-theotokópoulos_1541/le-greco_41.jpg,9
ArtemisArt/le-greco - domínikos-theotokópoulos_1541/le-greco_45.jpg,3
ArtemisArt/le-greco - domínikos-theotokópoulos_1541/le-greco_49.jpg,1
ArtemisArt/le-greco - domínikos-theotokópoulos_1541/le-greco_52.jpg,10
ArtemisArt/le-greco - domínikos-theotokópoulos_1541/le-greco_56.jpg,4
ArtemisArt/le-greco - domínikos-theotokópoulos_1541/le-greco_6.jpg,12
ArtemisArt/le-greco - domínikos-theotokópoulos_1541/le-greco_63.jpg,10
ArtemisArt/le-greco - domínikos-theotokópoulos_1541/le-greco_67.jpg,13
ArtemisArt/le-greco - domínikos-theotokópoulos_1541/le-greco_70.jpg,7
ArtemisArt/le-greco - domínikos-theotokópoulos_1541/le-greco_8.jpg,7
ArtemisArt/le-guerchin - giovanni-francesco-barbieri_1591/le-guerchin_11.jpg,9
ArtemisArt/le-guerchin - giovanni-francesco-barbieri_1591/le-guerchin_15.jpg,8
ArtemisArt/le-guerchin - giovanni-francesco-barbieri_1591/le-guerchin_19.jpg,15
ArtemisArt/le-guerchin - giovanni-francesco-barbieri_1591/le-guerchin_22.jpg,12
ArtemisArt/le-guerchin - giovanni-francesco-barbieri_1591/le-guerchin_26.jpg,13
ArtemisArt/le-guerchin - giovanni-francesco-barbieri_1591/le-guerchin_3.jpg,1
ArtemisArt/le-guerchin - giovanni-francesco-barbieri_1591/le-guerchin_33.jpg,7
ArtemisArt/le-guerchin - giovanni-francesco-barbieri_1591/le-guerchin_37.jpg,15
ArtemisArt/le-guerchin - giovanni-francesco-barbieri_1591/le-guerchin_40.jpg,12
ArtemisArt/le-guerchin - giovanni-francesco-barbieri_1591/le-guerchin_44.jpg,3
ArtemisArt/le-guerchin - giovanni-francesco-barbieri_1591/le-guerchin_7.jpg,1
ArtemisArt/le-lorrain - claude-gellee-dit-le-lorrain_1600/le-lorrain_10.jpg,14
ArtemisArt/le-lorrain - claude-gellee-dit-le-lorrain_1600/le-lorrain_14.jpg,4
ArtemisArt/le-lorrain - claude-gellee-dit-le-lorrain_1600/le-lorrain_18.jpg,14
ArtemisArt/le-lorrain - claude-gellee-dit-le-lorrain_1600/le-lorrain_21.jpg,0
ArtemisArt/le-lorrain - claude-gellee-dit-le-lorrain_1600/le-lorrain_25.jpg,12
ArtemisArt/le-lorrain - claude-gellee-dit-le-lorrain_1600/le-lorrain_29.jpg,6
ArtemisArt/le-lorrain - claude-gellee-dit-le-lorrain_1600/le-lorrain_32.jpg,6
ArtemisArt/le-lorrain - claude-gellee-dit-le-lorrain_1600/le-lorrain_5.jpg,6
ArtemisArt/le-lorrain - claude-gellee-dit-le-lorrain_1600/le-lorrain_9.jpg,11
ArtemisArt/le-nain-l - louis-le-nain_1593/le-nain-l_3.jpg,13
ArtemisArt/le-nain-l - louis-le-nain_1593/le-nain-l_7.jpg,13
ArtemisArt/le-poittevin - eugene-poidevin-dit-le-poittevin_1806/le-poittevin_2.jpg,4
ArtemisArt/le-poittevin - eugene-poidevin-dit-le-poittevin_1806/le-poittevin_6.jpg,9
ArtemisArt/le-sueur - eustache-le-sueur_1617/le-sueur_10.jpg,10
ArtemisArt/le-sueur - eustache-le-sueur_1617/le-sueur_14.jpg,0
ArtemisArt/le-sueur - eustache-le-sueur_1617/le-sueur_18.jpg,7
ArtemisArt/le-sueur - eustache-le-sueur_1617/le-sueur_21.jpg,3
ArtemisArt/le-sueur - eustache-le-sueur_1617/le-sueur_25.jpg,14
ArtemisArt/le-sueur - eustache-le-sueur_1617/le-sueur_29.jpg,11
ArtemisArt/le-sueur - eustache-le-sueur_1617/le-sueur_32.jpg,6
ArtemisArt/le-sueur - eustache-le-sueur_1617/le-sueur_36.jpg,2
ArtemisArt/le-sueur - eustache-le-sueur_1617/le-sueur_4.jpg,6
ArtemisArt/le-sueur - eustache-le-sueur_1617/le-sueur_43.jpg,7
ArtemisArt/le-sueur - eustache-le-sueur_1617/le-sueur_47.jpg,5
ArtemisArt/le-sueur - eustache-le-sueur_1617/le-sueur_6.jpg,7
ArtemisArt/lebourg - albert-lebourg_1849/lebourg_1.jpg,12
ArtemisArt/lebourg - albert-lebourg_1849/lebourg_2.jpg,8
ArtemisArt/lebourg - albert-lebourg_1849/lebourg_6.jpg,13
ArtemisArt/leger-f - fernand-leger_1881/leger-f_1.jpg,7
ArtemisArt/leger-f - fernand-leger_1881/leger-f_13.jpg,14
ArtemisArt/leger-f - fernand-leger_1881/leger-f_17.jpg,13
ArtemisArt/leger-f - fernand-leger_1881/leger-f_20.jpg,14
ArtemisArt/leger-f - fernand-leger_1881/leger-f_24.jpg,7
ArtemisArt/leger-f - fernand-leger_1881/leger-f_28.jpg,8
ArtemisArt/leger-f - fernand-leger_1881/leger-f_31.jpg,14
ArtemisArt/leger-f - fernand-leger_1881/leger-f_35.jpg,15
ArtemisArt/leger-f - fernand-leger_1881/leger-f_39.jpg,3
ArtemisArt/leger-f - fernand-leger_1881/leger-f_42.jpg,10
ArtemisArt/leger-f - fernand-leger_1881/leger-f_46.jpg,4
ArtemisArt/leger-f - fernand-leger_1881/leger-f_5.jpg,12
ArtemisArt/leger-f - fernand-leger_1881/leger-f_7.jpg,8
ArtemisArt/leger-n - nadia-khodossievitch-leger_1904/leger-n_10.jpg,9
ArtemisArt/leger-n - nadia-khodossievitch-leger_1904/leger-n_14.jpg,8
ArtemisArt/leger-n - nadia-khodossievitch-leger_1904/leger-n_18.jpg,6
ArtemisArt/leger-n - nadia-khodossievitch-leger_1904/leger-n_21.jpg,11
ArtemisArt/leger-n - nadia-khodossievitch-leger_1904/leger-n_25.jpg,10
ArtemisArt/leger-n - nadia-khodossievitch-leger_1904/leger-n_29.jpg,9
ArtemisArt/leger-n - nadia-khodossievitch-leger_1904/leger-n_32.jpg,3
ArtemisArt/leger-n - nadia-khodossievitch-leger_1904/leger-n_4.jpg,15
ArtemisArt/leger-n - nadia-khodossievitch-leger_1904/leger-n_8.jpg,1
ArtemisArt/lempicka - tamara-gorska-dite-de-lempicka_1898/lempicka_11.jpg,11
ArtemisArt/lempicka - tamara-gorska-dite-de-lempicka_1898/lempicka_15.jpg,12
ArtemisArt/lempicka - tamara-gorska-dite-de-lempicka_1898/lempicka_2.jpg,6
ArtemisArt/lempicka - tamara-gorska-dite-de-lempicka_1898/lempicka_6.jpg,6
ArtemisArt/leroy - eugene-leroy_1910/leroy_1.jpg,15
ArtemisArt/leroy - eugene-leroy_1910/leroy_13.jpg,4
ArtemisArt/leroy - eugene-leroy_1910/leroy_17.jpg,15
ArtemisArt/leroy - eugene-leroy_1910/leroy_20.jpg,2
ArtemisArt/leroy - eugene-leroy_1910/leroy_24.jpg,3
ArtemisArt/leroy - eugene-leroy_1910/leroy_28.jpg,6
ArtemisArt/leroy - eugene-leroy_1910/leroy_31.jpg,11
ArtemisArt/leroy - eugene-leroy_1910/leroy_5.jpg,8
ArtemisArt/leroy - eugene-leroy_1910/leroy_9.jpg,0
ArtemisArt/lesage - augustin-lesage_1876/lesage_12.jpg,5
ArtemisArt/lesage - augustin-lesage_1876/lesage_16.jpg,2
ArtemisArt/lesage - augustin-lesage_1876/lesage_2.jpg,9
ArtemisArt/lesage - augustin-lesage_1876/lesage_23.jpg,8
ArtemisArt/lesage - augustin-lesage_1876/lesage_5.jpg,12
ArtemisArt/lesage - augustin-lesage_1876/lesage_9.jpg,9
ArtemisArt/lethiere - guillaume-guillon-dit-lethiere_1760/lethiere_12.jpg,8
ArtemisArt/lethiere - guillaume-guillon-dit-lethiere_1760/lethiere_16.jpg,4
ArtemisArt/lethiere - guillaume-guillon-dit-lethiere_1760/lethiere_2.jpg,0
ArtemisArt/lethiere - guillaume-guillon-dit-lethiere_1760/lethiere_23.jpg,3
ArtemisArt/lethiere - guillaume-guillon-dit-lethiere_1760/lethiere_27.jpg,15
ArtemisArt/lethiere - guillaume-guillon-dit-lethiere_1760/lethiere_30.jpg,13
ArtemisArt/lethiere - guillaume-guillon-dit-lethiere_1760/lethiere_5.jpg,2
ArtemisArt/lethiere - guillaume-guillon-dit-lethiere_1760/lethiere_9.jpg,8
ArtemisArt/levy - henri-leopold-levy_1840/levy_3.jpg,4
ArtemisArt/levy - henri-leopold-levy_1840/levy_7.jpg,5
ArtemisArt/liechtenstein - roy-lichtenstein_1923/liechtenstein_10.jpg,2
ArtemisArt/liechtenstein - roy-lichtenstein_1923/liechtenstein_14.jpg,9
ArtemisArt/liechtenstein - roy-lichtenstein_1923/liechtenstein_18.jpg,0
ArtemisArt/liechtenstein - roy-lichtenstein_1923/liechtenstein_21.jpg,6
ArtemisArt/liechtenstein - roy-lichtenstein_1923/liechtenstein_25.jpg,5
ArtemisArt/liechtenstein - roy-lichtenstein_1923/liechtenstein_3.jpg,13
ArtemisArt/liechtenstein - roy-lichtenstein_1923/liechtenstein_7.jpg,6
ArtemisArt/liljefors - bruno-liljefors_1860/liljefors_10.jpg,14
ArtemisArt/liljefors - bruno-liljefors_1860/liljefors_14.jpg,13
ArtemisArt/liljefors - bruno-liljefors_1860/liljefors_18.jpg,8
ArtemisArt/liljefors - bruno-liljefors_1860/liljefors_21.jpg,5
ArtemisArt/liljefors - bruno-liljefors_1860/liljefors_25.jpg,7
ArtemisArt/liljefors - bruno-liljefors_1860/liljefors_29.jpg,10
ArtemisArt/liljefors - bruno-liljefors_1860/liljefors_32.jpg,12
ArtemisArt/liljefors - bruno-liljefors_1860/liljefors_36.jpg,2
ArtemisArt/liljefors - bruno-liljefors_1860/liljefors_4.jpg,4
ArtemisArt/liljefors - bruno-liljefors_1860/liljefors_5.jpg,4
ArtemisArt/liljefors - bruno-liljefors_1860/liljefors_9.jpg,5
ArtemisArt/lippi-f1 - fra-filippo-lippi-dit-filippo-del-carmine_1406/lippi-f1_12.jpg,6
ArtemisArt/lippi-f1 - fra-filippo-lippi-dit-filippo-del-carmine_1406/lippi-f1_16.jpg,11
ArtemisArt/lippi-f1 - fra-filippo-lippi-dit-filippo-del-carmine_1406/lippi-f1_2.jpg,6
ArtemisArt/lippi-f1 - fra-filippo-lippi-dit-filippo-del-carmine_1406/lippi-f1_23.jpg,5
ArtemisArt/lippi-f1 - fra-filippo-lippi-dit-filippo-del-carmine_1406/lippi-f1_27.jpg,6
ArtemisArt/lippi-f1 - fra-filippo-lippi-dit-filippo-del-carmine_1406/lippi-f1_30.jpg,11
ArtemisArt/lippi-f1 - fra-filippo-lippi-dit-filippo-del-carmine_1406/lippi-f1_5.jpg,8
ArtemisArt/lippi-f1 - fra-filippo-lippi-dit-filippo-del-carmine_1406/lippi-f1_9.jpg,15
ArtemisArt/lippi-f2 - filippino-lippi_1457/lippi-f2_12.jpg,3
ArtemisArt/lippi-f2 - filippino-lippi_1457/lippi-f2_16.jpg,2
ArtemisArt/lippi-f2 - filippino-lippi_1457/lippi-f2_2.jpg,4
ArtemisArt/lippi-f2 - filippino-lippi_1457/lippi-f2_23.jpg,0
ArtemisArt/lippi-f2 - filippino-lippi_1457/lippi-f2_27.jpg,11
ArtemisArt/lippi-f2 - filippino-lippi_1457/lippi-f2_30.jpg,9
ArtemisArt/lippi-f2 - filippino-lippi_1457/lippi-f2_7.jpg,9
ArtemisArt/lippi-l - lorenzo-lippi_1606/lippi-l_2.jpg,9
ArtemisArt/lotto - lorenzo-lotto_1480/lotto_12.jpg,11
ArtemisArt/lotto - lorenzo-lotto_1480/lotto_16.jpg,5
ArtemisArt/lotto - lorenzo-lotto_1480/lotto_2.jpg,10
ArtemisArt/lotto - lorenzo-lotto_1480/lotto_23.jpg,15
ArtemisArt/lotto - lorenzo-lotto_1480/lotto_5.jpg,12
ArtemisArt/lotto - lorenzo-lotto_1480/lotto_9.jpg,0
ArtemisArt/loutherbourg - philippe-jacques-loutherbourg_1740/loutherbourg_4.jpg,4
ArtemisArt/loutherbourg - philippe-jacques-loutherbourg_1740/loutherbourg_8.jpg,13
ArtemisArt/luce - maximilien-luce_1858/luce_11.jpg,9
ArtemisArt/luce - maximilien-luce_1858/luce_15.jpg,10
ArtemisArt/luce - maximilien-luce_1858/luce_19.jpg,4
ArtemisArt/luce - maximilien-luce_1858/luce_22.jpg,4
ArtemisArt/luce - maximilien-luce_1858/luce_26.jpg,7
ArtemisArt/luce - maximilien-luce_1858/luce_3.jpg,9
ArtemisArt/luce - maximilien-luce_1858/luce_33.jpg,11
ArtemisArt/luce - maximilien-luce_1858/luce_37.jpg,2
ArtemisArt/luce - maximilien-luce_1858/luce_40.jpg,7
ArtemisArt/luce - maximilien-luce_1858/luce_44.jpg,14
ArtemisArt/luce - maximilien-luce_1858/luce_48.jpg,3
ArtemisArt/luce - maximilien-luce_1858/luce_51.jpg,5
ArtemisArt/luce - maximilien-luce_1858/luce_55.jpg,13
ArtemisArt/luce - maximilien-luce_1858/luce_7.jpg,14
ArtemisArt/lupertz - markus-lupertz_1941/lupertz_10.jpg,9
ArtemisArt/lupertz - markus-lupertz_1941/lupertz_14.jpg,2
ArtemisArt/lupertz - markus-lupertz_1941/lupertz_18.jpg,3
ArtemisArt/lupertz - markus-lupertz_1941/lupertz_21.jpg,4
ArtemisArt/lupertz - markus-lupertz_1941/lupertz_3.jpg,7
ArtemisArt/lupertz - markus-lupertz_1941/lupertz_7.jpg,11
ArtemisArt/maar - henriette-theodora-markovitch-dite-dora-maar_1907/maar_10.jpg,12
ArtemisArt/maar - henriette-theodora-markovitch-dite-dora-maar_1907/maar_14.jpg,2
ArtemisArt/maar - henriette-theodora-markovitch-dite-dora-maar_1907/maar_18.jpg,10
ArtemisArt/maar - henriette-theodora-markovitch-dite-dora-maar_1907/maar_21.jpg,3
ArtemisArt/maar - henriette-theodora-markovitch-dite-dora-maar_1907/maar_25.jpg,2
ArtemisArt/maar - henriette-theodora-markovitch-dite-dora-maar_1907/maar_5.jpg,4
ArtemisArt/maar - henriette-theodora-markovitch-dite-dora-maar_1907/maar_9.jpg,2
ArtemisArt/macke - august-macke_1887/macke_12.jpg,9
ArtemisArt/macke - august-macke_1887/macke_16.jpg,13
ArtemisArt/macke - august-macke_1887/macke_2.jpg,4
ArtemisArt/macke - august-macke_1887/macke_23.jpg,7
ArtemisArt/macke - august-macke_1887/macke_27.jpg,11
ArtemisArt/macke - august-macke_1887/macke_30.jpg,6
ArtemisArt/macke - august-macke_1887/macke_34.jpg,14
ArtemisArt/macke - august-macke_1887/macke_7.jpg,6
ArtemisArt/maestro-della-croce - maestro-della-croce_1175/maestro-della-croce_10.jpg,11
ArtemisArt/maestro-della-croce - maestro-della-croce_1175/maestro-della-croce_4.jpg,9
ArtemisArt/maestro-della-croce - maestro-della-croce_1175/maestro-della-croce_8.jpg,11
ArtemisArt/magnelli - alberto-magnelli_1888/magnelli_11.jpg,2
ArtemisArt/magnelli - alberto-magnelli_1888/magnelli_3.jpg,1
ArtemisArt/magnelli - alberto-magnelli_1888/magnelli_7.jpg,3
ArtemisArt/magritte - rene-magritte_1898/magritte_10.jpg,11
ArtemisArt/magritte - rene-magritte_1898/magritte_14.jpg,3
ArtemisArt/magritte - rene-magritte_1898/magritte_18.jpg,10
ArtemisArt/magritte - rene-magritte_1898/magritte_21.jpg,6
ArtemisArt/magritte - rene-magritte_1898/magritte_25.jpg,13
ArtemisArt/magritte - rene-magritte_1898/magritte_29.jpg,5
ArtemisArt/magritte - rene-magritte_1898/magritte_32.jpg,5
ArtemisArt/magritte - rene-magritte_1898/magritte_36.jpg,10
ArtemisArt/magritte - rene-magritte_1898/magritte_4.jpg,13
ArtemisArt/magritte - rene-magritte_1898/magritte_43.jpg,9
ArtemisArt/magritte - rene-magritte_1898/magritte_6.jpg,0
ArtemisArt/maillol - aristide-maillol_1861/maillol_1.jpg,9
ArtemisArt/maillol - aristide-maillol_1861/maillol_13.jpg,6
ArtemisArt/maillol - aristide-maillol_1861/maillol_17.jpg,6
ArtemisArt/maillol - aristide-maillol_1861/maillol_20.jpg,12
ArtemisArt/maillol - aristide-maillol_1861/maillol_24.jpg,6
ArtemisArt/maillol - aristide-maillol_1861/maillol_4.jpg,0
ArtemisArt/maillol - aristide-maillol_1861/maillol_8.jpg,10
ArtemisArt/majorelle - jacques-majorelle_1886/majorelle_2.jpg,15
ArtemisArt/majorelle - jacques-majorelle_1886/majorelle_6.jpg,12
ArtemisArt/malevitch - kasimir-malevitch_1879/malevitch_1.jpg,3
ArtemisArt/malevitch - kasimir-malevitch_1879/malevitch_13.jpg,6
ArtemisArt/malevitch - kasimir-malevitch_1879/malevitch_3.jpg,2
ArtemisArt/malevitch - kasimir-malevitch_1879/malevitch_7.jpg,0
ArtemisArt/man - victor-man_1974/man_10.jpg,8
ArtemisArt/man - victor-man_1974/man_14.jpg,7
ArtemisArt/man - victor-man_1974/man_5.jpg,13
ArtemisArt/man - victor-man_1974/man_9.jpg,9
ArtemisArt/manet - edouard-manet_1832/manet_12.jpg,6
ArtemisArt/manet - edouard-manet_1832/manet_16.jpg,15
ArtemisArt/manet - edouard-manet_1832/manet_2.jpg,1
ArtemisArt/manet - edouard-manet_1832/manet_23.jpg,13
ArtemisArt/manet - edouard-manet_1832/manet_27.jpg,7
ArtemisArt/manet - edouard-manet_1832/manet_30.jpg,1
ArtemisArt/manet - edouard-manet_1832/manet_34.jpg,0
ArtemisArt/manet - edouard-manet_1832/manet_38.jpg,14
ArtemisArt/manet - edouard-manet_1832/manet_41.jpg,11
ArtemisArt/manet - edouard-manet_1832/manet_45.jpg,13
ArtemisArt/manet - edouard-manet_1832/manet_7.jpg,13
ArtemisArt/mantegna - andrea-mantegna_1431/mantegna_10.jpg,10
ArtemisArt/mantegna - andrea-mantegna_1431/mantegna_14.jpg,14
ArtemisArt/mantegna - andrea-mantegna_1431/mantegna_18.jpg,2
ArtemisArt/mantegna - andrea-mantegna_1431/mantegna_21.jpg,3
ArtemisArt/mantegna - andrea-mantegna_1431/mantegna_25.jpg,13
ArtemisArt/mantegna - andrea-mantegna_1431/mantegna_29.jpg,6
ArtemisArt/mantegna - andrea-mantegna_1431/mantegna_32.jpg,13
ArtemisArt/mantegna - andrea-mantegna_1431/mantegna_36.jpg,11
ArtemisArt/mantegna - andrea-mantegna_1431/mantegna_4.jpg,7
ArtemisArt/mantegna - andrea-mantegna_1431/mantegna_7.jpg,12
ArtemisArt/marc - franz-marc_1880/marc_10.jpg,3
ArtemisArt/marc - franz-marc_1880/marc_14.jpg,0
ArtemisArt/marc - franz-marc_1880/marc_18.jpg,-1
ArtemisArt/marc - franz-marc_1880/marc_21.jpg,6
ArtemisArt/marc - franz-marc_1880/marc_25.jpg,12
ArtemisArt/marc - franz-marc_1880/marc_5.jpg,10
ArtemisArt/marc - franz-marc_1880/marc_9.jpg,2
ArtemisArt/marcoussis - markus-ludwig-dit-louis-marcoussis_1878/marcoussis_12.jpg,4
ArtemisArt/marcoussis - markus-ludwig-dit-louis-marcoussis_1878/marcoussis_4.jpg,5
ArtemisArt/marcoussis - markus-ludwig-dit-louis-marcoussis_1878/marcoussis_8.jpg,3
ArtemisArt/marini - marino-marini_1901/marini_11.jpg,4
ArtemisArt/marini - marino-marini_1901/marini_15.jpg,13
ArtemisArt/marini - marino-marini_1901/marini_19.jpg,9
ArtemisArt/marini - marino-marini_1901/marini_22.jpg,2
ArtemisArt/marini - marino-marini_1901/marini_26.jpg,14
ArtemisArt/marini - marino-marini_1901/marini_3.jpg,8
ArtemisArt/marini - marino-marini_1901/marini_33.jpg,5
ArtemisArt/marini - marino-marini_1901/marini_37.jpg,5
ArtemisArt/marini - marino-marini_1901/marini_40.jpg,11
ArtemisArt/marini - marino-marini_1901/marini_8.jpg,1
ArtemisArt/marquet - albert-marquet_1875/marquet_11.jpg,11
ArtemisArt/marquet - albert-marquet_1875/marquet_15.jpg,8
ArtemisArt/marquet - albert-marquet_1875/marquet_19.jpg,5
ArtemisArt/marquet - albert-marquet_1875/marquet_22.jpg,13
ArtemisArt/marquet - albert-marquet_1875/marquet_5.jpg,8
ArtemisArt/marquet - albert-marquet_1875/marquet_9.jpg,5
ArtemisArt/masaccio - tommaso-diser-giovanni-cassai-dit-masaccio_1401/masaccio_12.jpg,0
ArtemisArt/masaccio - tommaso-diser-giovanni-cassai-dit-masaccio_1401/masaccio_16.jpg,1
ArtemisArt/masaccio - tommaso-diser-giovanni-cassai-dit-masaccio_1401/masaccio_5.jpg,11
ArtemisArt/masaccio - tommaso-diser-giovanni-cassai-dit-masaccio_1401/masaccio_9.jpg,7
ArtemisArt/masolino - tommaso-di-cristoforo-fini-dit-masolino-da-panicale_1383/masolino_3.jpg,13
ArtemisArt/masolino - tommaso-di-cristoforo-fini-dit-masolino-da-panicale_1383/masolino_7.jpg,4
ArtemisArt/masson - andre-masson_1896/masson_10.jpg,0
ArtemisArt/masson - andre-masson_1896/masson_14.jpg,15
ArtemisArt/masson - andre-masson_1896/masson_18.jpg,4
ArtemisArt/masson - andre-masson_1896/masson_21.jpg,1
ArtemisArt/masson - andre-masson_1896/masson_4.jpg,9
ArtemisArt/masson - andre-masson_1896/masson_8.jpg,7
ArtemisArt/mathieu - georges-mathieu_1921/mathieu_11.jpg,1
ArtemisArt/mathieu - georges-mathieu_1921/mathieu_15.jpg,12
ArtemisArt/mathieu - georges-mathieu_1921/mathieu_19.jpg,13
ArtemisArt/mathieu - georges-mathieu_1921/mathieu_22.jpg,9
ArtemisArt/mathieu - georges-mathieu_1921/mathieu_26.jpg,5
ArtemisArt/mathieu - georges-mathieu_1921/mathieu_3.jpg,3
ArtemisArt/mathieu - georges-mathieu_1921/mathieu_33.jpg,13
ArtemisArt/mathieu - georges-mathieu_1921/mathieu_5.jpg,9
ArtemisArt/mathieu - georges-mathieu_1921/mathieu_9.jpg,5
ArtemisArt/matisse - henri-matisse_1869/matisse_12.jpg,1
ArtemisArt/matisse - henri-matisse_1869/matisse_16.jpg,10
ArtemisArt/matisse - henri-matisse_1869/matisse_2.jpg,5
ArtemisArt/matisse - henri-matisse_1869/matisse_23.jpg,7
ArtemisArt/matisse - henri-matisse_1869/matisse_27.jpg,4
ArtemisArt/matisse - henri-matisse_1869/matisse_30.jpg,3
ArtemisArt/matisse - henri-matisse_1869/matisse_34.jpg,7
ArtemisArt/matisse - henri-matisse_1869/matisse_38.jpg,12
ArtemisArt/matisse - henri-matisse_1869/matisse_41.jpg,6
ArtemisArt/matisse - henri-matisse_1869/matisse_45.jpg,13
ArtemisArt/matisse - henri-matisse_1869/matisse_49.jpg,1
ArtemisArt/matisse - henri-matisse_1869/matisse_52.jpg,12
ArtemisArt/matisse - henri-matisse_1869/matisse_56.jpg,4
ArtemisArt/matisse - henri-matisse_1869/matisse_6.jpg,7
ArtemisArt/matisse - henri-matisse_1869/matisse_63.jpg,2
ArtemisArt/matisse - henri-matisse_1869/matisse_67.jpg,12
ArtemisArt/matisse - henri-matisse_1869/matisse_8.jpg,13
ArtemisArt/matta - roberto-antonio-sebastian-matta_1911/matta_11.jpg,14
ArtemisArt/matta - roberto-antonio-sebastian-matta_1911/matta_5.jpg,2
ArtemisArt/matta - roberto-antonio-sebastian-matta_1911/matta_9.jpg,12
ArtemisArt/mehadji - najia-mehadji_1950/mehadji_12.jpg,15
ArtemisArt/mehadji - najia-mehadji_1950/mehadji_16.jpg,11
ArtemisArt/mehadji - najia-mehadji_1950/mehadji_2.jpg,12
ArtemisArt/mehadji - najia-mehadji_1950/mehadji_23.jpg,9
ArtemisArt/mehadji - najia-mehadji_1950/mehadji_27.jpg,4
ArtemisArt/mehadji - najia-mehadji_1950/mehadji_30.jpg,7
ArtemisArt/mehadji - najia-mehadji_1950/mehadji_4.jpg,10
ArtemisArt/mehadji - najia-mehadji_1950/mehadji_8.jpg,15
ArtemisArt/meissonier - ernest-meissonier_1815/meissonier_11.jpg,10
ArtemisArt/meissonier - ernest-meissonier_1815/meissonier_15.jpg,9
ArtemisArt/meissonier - ernest-meissonier_1815/meissonier_19.jpg,5
ArtemisArt/meissonier - ernest-meissonier_1815/meissonier_22.jpg,4
ArtemisArt/meissonier - ernest-meissonier_1815/meissonier_26.jpg,14
ArtemisArt/meissonier - ernest-meissonier_1815/meissonier_4.jpg,7
ArtemisArt/meissonier - ernest-meissonier_1815/meissonier_8.jpg,8
ArtemisArt/memling - hans-memling_1440/memling_11.jpg,3
ArtemisArt/memling - hans-memling_1440/memling_15.jpg,11
ArtemisArt/memling - hans-memling_1440/memling_19.jpg,6
ArtemisArt/memling - hans-memling_1440/memling_22.jpg,7
ArtemisArt/memling - hans-memling_1440/memling_26.jpg,12
ArtemisArt/memling - hans-memling_1440/memling_3.jpg,2
ArtemisArt/memling - hans-memling_1440/memling_33.jpg,4
ArtemisArt/memling - hans-memling_1440/memling_37.jpg,14
ArtemisArt/memling - hans-memling_1440/memling_40.jpg,9
ArtemisArt/memling - hans-memling_1440/memling_44.jpg,9
ArtemisArt/memling - hans-memling_1440/memling_48.jpg,7
ArtemisArt/memling - hans-memling_1440/memling_51.jpg,5
ArtemisArt/memling - hans-memling_1440/memling_55.jpg,15
ArtemisArt/memling - hans-memling_1440/memling_59.jpg,5
ArtemisArt/memling - hans-memling_1440/memling_62.jpg,2
ArtemisArt/memling - hans-memling_1440/memling_66.jpg,5
ArtemisArt/memling - hans-memling_1440/memling_7.jpg,-1
ArtemisArt/mengs - anton-raphael-mengs_1728/mengs_1.jpg,3
ArtemisArt/mengs - anton-raphael-mengs_1728/mengs_13.jpg,0
ArtemisArt/mengs - anton-raphael-mengs_1728/mengs_17.jpg,11
ArtemisArt/mengs - anton-raphael-mengs_1728/mengs_20.jpg,8
ArtemisArt/mengs - anton-raphael-mengs_1728/mengs_5.jpg,5
ArtemisArt/mengs - anton-raphael-mengs_1728/mengs_9.jpg,3
ArtemisArt/metsu - gabriel-metsu_1629/metsu_12.jpg,1
ArtemisArt/metsu - gabriel-metsu_1629/metsu_16.jpg,1
ArtemisArt/metsu - gabriel-metsu_1629/metsu_4.jpg,10
ArtemisArt/metsu - gabriel-metsu_1629/metsu_8.jpg,3
ArtemisArt/metsys - quentin-metsys_1465/metsys_11.jpg,8
ArtemisArt/metsys - quentin-metsys_1465/metsys_15.jpg,10
ArtemisArt/metsys - quentin-metsys_1465/metsys_19.jpg,0
ArtemisArt/metsys - quentin-metsys_1465/metsys_22.jpg,3
ArtemisArt/metsys - quentin-metsys_1465/metsys_6.jpg,13
ArtemisArt/michallon - achille-etna-michallon_1796/michallon_1.jpg,11
ArtemisArt/michallon - achille-etna-michallon_1796/michallon_13.jpg,13
ArtemisArt/michallon - achille-etna-michallon_1796/michallon_17.jpg,2
ArtemisArt/michallon - achille-etna-michallon_1796/michallon_5.jpg,8
ArtemisArt/michallon - achille-etna-michallon_1796/michallon_9.jpg,11
ArtemisArt/michaux - henri-michaux_1899/michaux_2.jpg,11
ArtemisArt/michaux - henri-michaux_1899/michaux_6.jpg,15
ArtemisArt/mieiris-w - willem-van-mieris_1662/mieiris-w_1.jpg,14
ArtemisArt/mieiris-w - willem-van-mieris_1662/mieiris-w_5.jpg,12
ArtemisArt/mignard-p - nicolas-ou-pierre-mignard_1606/mignard-p_10.jpg,10
ArtemisArt/mignard-p - nicolas-ou-pierre-mignard_1606/mignard-p_14.jpg,11
ArtemisArt/mignard-p - nicolas-ou-pierre-mignard_1606/mignard-p_18.jpg,11
ArtemisArt/mignard-p - nicolas-ou-pierre-mignard_1606/mignard-p_21.jpg,12
ArtemisArt/mignard-p - nicolas-ou-pierre-mignard_1606/mignard-p_25.jpg,7
ArtemisArt/mignard-p - nicolas-ou-pierre-mignard_1606/mignard-p_4.jpg,9
ArtemisArt/mignard-p - nicolas-ou-pierre-mignard_1606/mignard-p_8.jpg,5
ArtemisArt/millais - john-everett-millais_1829/millais_11.jpg,7
ArtemisArt/millais - john-everett-millais_1829/millais_5.jpg,2
ArtemisArt/millais - john-everett-millais_1829/millais_9.jpg,2
ArtemisArt/millet-f - jean-francois-millet-dit-francisque_1642/millet-f_4.jpg,9
ArtemisArt/millet-jf - jean-francois-millet_1814/millet-jf_11.jpg,10
ArtemisArt/millet-jf - jean-francois-millet_1814/millet-jf_15.jpg,4
ArtemisArt/millet-jf - jean-francois-millet_1814/millet-jf_19.jpg,7
ArtemisArt/millet-jf - jean-francois-millet_1814/millet-jf_22.jpg,3
ArtemisArt/millet-jf - jean-francois-millet_1814/millet-jf_5.jpg,14
ArtemisArt/millet-jf - jean-francois-millet_1814/millet-jf_9.jpg,12
ArtemisArt/min - min-jung-yeon_1979/min_12.jpg,12
ArtemisArt/min - min-jung-yeon_1979/min_16.jpg,0
ArtemisArt/min - min-jung-yeon_1979/min_3.jpg,10
ArtemisArt/min - min-jung-yeon_1979/min_7.jpg,1
ArtemisArt/miranda - juan-carreno-de-miranda_1614/miranda_2.jpg,12
ArtemisArt/miranda - juan-carreno-de-miranda_1614/miranda_6.jpg,7
ArtemisArt/miranda - juan-carreno-de-miranda_1614/ùiranda_10.jpg,2
ArtemisArt/miro - joan-miro_1893/miro_12.jpg,9
ArtemisArt/miro - joan-miro_1893/miro_16.jpg,3
ArtemisArt/miro - joan-miro_1893/miro_2.jpg,10
ArtemisArt/miro - joan-miro_1893/miro_23.jpg,2
ArtemisArt/miro - joan-miro_1893/miro_27.jpg,0
ArtemisArt/miro - joan-miro_1893/miro_30.jpg,3
ArtemisArt/miro - joan-miro_1893/miro_7.jpg,5
ArtemisArt/mitchell - joan-mitchell_1925/mitchell_10.jpg,0
ArtemisArt/mitchell - joan-mitchell_1925/mitchell_14.jpg,13
ArtemisArt/mitchell - joan-mitchell_1925/mitchell_18.jpg,8
ArtemisArt/mitchell - joan-mitchell_1925/mitchell_21.jpg,14
ArtemisArt/mitchell - joan-mitchell_1925/mitchell_25.jpg,11
ArtemisArt/mitchell - joan-mitchell_1925/mitchell_29.jpg,9
ArtemisArt/mitchell - joan-mitchell_1925/mitchell_32.jpg,8
ArtemisArt/mitchell - joan-mitchell_1925/mitchell_6.jpg,5
ArtemisArt/modigliani - amedeo-modigliani_1884/modigliani_1.jpg,5
ArtemisArt/modigliani - amedeo-modigliani_1884/modigliani_13.jpg,15
ArtemisArt/modigliani - amedeo-modigliani_1884/modigliani_17.jpg,7
ArtemisArt/modigliani - amedeo-modigliani_1884/modigliani_20.jpg,10
ArtemisArt/modigliani - amedeo-modigliani_1884/modigliani_24.jpg,4
ArtemisArt/modigliani - amedeo-modigliani_1884/modigliani_28.jpg,4
ArtemisArt/modigliani - amedeo-modigliani_1884/modigliani_31.jpg,1
ArtemisArt/modigliani - amedeo-modigliani_1884/modigliani_35.jpg,5
ArtemisArt/modigliani - amedeo-modigliani_1884/modigliani_39.jpg,4
ArtemisArt/modigliani - amedeo-modigliani_1884/modigliani_5.jpg,12
ArtemisArt/modigliani - amedeo-modigliani_1884/modigliani_9.jpg,0
ArtemisArt/mohidin - latiff-mohidin_1941/mohidin_3.jpg,0
ArtemisArt/mohidin - latiff-mohidin_1941/mohidin_7.jpg,12
ArtemisArt/monaco - piero-di-giovanni-dit-lorenzo-monaco_1370/monaco_10.jpg,14
ArtemisArt/monaco - piero-di-giovanni-dit-lorenzo-monaco_1370/monaco_14.jpg,5
ArtemisArt/monaco - piero-di-giovanni-dit-lorenzo-monaco_1370/monaco_18.jpg,11
ArtemisArt/monaco - piero-di-giovanni-dit-lorenzo-monaco_1370/monaco_21.jpg,12
ArtemisArt/monaco - piero-di-giovanni-dit-lorenzo-monaco_1370/monaco_25.jpg,7
ArtemisArt/monaco - piero-di-giovanni-dit-lorenzo-monaco_1370/monaco_29.jpg,15
ArtemisArt/monaco - piero-di-giovanni-dit-lorenzo-monaco_1370/monaco_32.jpg,10
ArtemisArt/monaco - piero-di-giovanni-dit-lorenzo-monaco_1370/monaco_36.jpg,3
ArtemisArt/monaco - piero-di-giovanni-dit-lorenzo-monaco_1370/monaco_4.jpg,4
ArtemisArt/monaco - piero-di-giovanni-dit-lorenzo-monaco_1370/monaco_43.jpg,4
ArtemisArt/monaco - piero-di-giovanni-dit-lorenzo-monaco_1370/monaco_47.jpg,8
ArtemisArt/monaco - piero-di-giovanni-dit-lorenzo-monaco_1370/monaco_50.jpg,13
ArtemisArt/monaco - piero-di-giovanni-dit-lorenzo-monaco_1370/monaco_6.jpg,4
ArtemisArt/mondrian - piet-mondrian_1872/mondrian_1.jpg,7
ArtemisArt/mondrian - piet-mondrian_1872/mondrian_13.jpg,1
ArtemisArt/mondrian - piet-mondrian_1872/mondrian_17.jpg,7
ArtemisArt/mondrian - piet-mondrian_1872/mondrian_20.jpg,8
ArtemisArt/mondrian - piet-mondrian_1872/mondrian_24.jpg,7
ArtemisArt/mondrian - piet-mondrian_1872/mondrian_28.jpg,6
ArtemisArt/mondrian - piet-mondrian_1872/mondrian_31.jpg,13
ArtemisArt/mondrian - piet-mondrian_1872/mondrian_7.jpg,0
ArtemisArt/monet - claude-monet_1840/monet_10.jpg,2
ArtemisArt/monet - claude-monet_1840/monet_103.jpg,0
ArtemisArt/monet - claude-monet_1840/monet_11.jpg,8
ArtemisArt/monet - claude-monet_1840/monet_15.jpg,11
ArtemisArt/monet - claude-monet_1840/monet_19.jpg,1
ArtemisArt/monet - claude-monet_1840/monet_22.jpg,2
ArtemisArt/monet - claude-monet_1840/monet_26.jpg,11
ArtemisArt/monet - claude-monet_1840/monet_3.jpg,5
ArtemisArt/monet - claude-monet_1840/monet_33.jpg,1
ArtemisArt/monet - claude-monet_1840/monet_37.jpg,3
ArtemisArt/monet - claude-monet_1840/monet_40.jpg,2
ArtemisArt/monet - claude-monet_1840/monet_44.jpg,6
ArtemisArt/monet - claude-monet_1840/monet_48.jpg,8
ArtemisArt/monet - claude-monet_1840/monet_51.jpg,1
ArtemisArt/monet - claude-monet_1840/monet_55.jpg,15
ArtemisArt/monet - claude-monet_1840/monet_59.jpg,2
ArtemisArt/monet - claude-monet_1840/monet_62.jpg,-1
ArtemisArt/monet - claude-monet_1840/monet_66.jpg,11
ArtemisArt/monet - claude-monet_1840/monet_7.jpg,12
ArtemisArt/monet - claude-monet_1840/monet_73.jpg,2
ArtemisArt/monet - claude-monet_1840/monet_77.jpg,5
ArtemisArt/monet - claude-monet_1840/monet_80.jpg,15
ArtemisArt/monet - claude-monet_1840/monet_84.jpg,10
ArtemisArt/monet - claude-monet_1840/monet_88.jpg,10
ArtemisArt/monet - claude-monet_1840/monet_91.jpg,12
ArtemisArt/monet - claude-monet_1840/monet_95.jpg,12
ArtemisArt/monet - claude-monet_1840/monet_99.jpg,10
ArtemisArt/morandi - giorgio-morandi_1890/morandi_12.jpg,9
ArtemisArt/morandi - giorgio-morandi_1890/morandi_16.jpg,6
ArtemisArt/morandi - giorgio-morandi_1890/morandi_3.jpg,13
ArtemisArt/morandi - giorgio-morandi_1890/morandi_7.jpg,1
ArtemisArt/moreau - gustave-moreau_1826/moreau_10.jpg,13
ArtemisArt/moreau - gustave-moreau_1826/moreau_14.jpg,6
ArtemisArt/moreau - gustave-moreau_1826/moreau_18.jpg,4
ArtemisArt/moreau - gustave-moreau_1826/moreau_21.jpg,7
ArtemisArt/moreau - gustave-moreau_1826/moreau_25.jpg,15
ArtemisArt/moreau - gustave-moreau_1826/moreau_29.jpg,8
ArtemisArt/moreau - gustave-moreau_1826/moreau_32.jpg,13
ArtemisArt/moreau - gustave-moreau_1826/moreau_36.jpg,8
ArtemisArt/moreau - gustave-moreau_1826/moreau_4.jpg,11
ArtemisArt/moreau - gustave-moreau_1826/moreau_6.jpg,10
ArtemisArt/morisot - berthe-morisot_1841/morisot_1.jpg,10
ArtemisArt/morisot - berthe-morisot_1841/morisot_13.jpg,3
ArtemisArt/morisot - berthe-morisot_1841/morisot_17.jpg,11
ArtemisArt/morisot - berthe-morisot_1841/morisot_20.jpg,6
ArtemisArt/morisot - berthe-morisot_1841/morisot_24.jpg,10
ArtemisArt/morisot - berthe-morisot_1841/morisot_28.jpg,10
ArtemisArt/morisot - berthe-morisot_1841/morisot_31.jpg,1
ArtemisArt/morisot - berthe-morisot_1841/morisot_35.jpg,0
ArtemisArt/morisot - berthe-morisot_1841/morisot_39.jpg,6
ArtemisArt/morisot - berthe-morisot_1841/morisot_42.jpg,9
ArtemisArt/morisot - berthe-morisot_1841/morisot_46.jpg,12
ArtemisArt/morisot - berthe-morisot_1841/morisot_5.jpg,15
ArtemisArt/morisot - berthe-morisot_1841/morisot_9.jpg,14
ArtemisArt/moroni - giovanni-baptista-moroni_1520/moroni_3.jpg,7
ArtemisArt/moroni - giovanni-baptista-moroni_1520/moroni_7.jpg,3
ArtemisArt/munch - edvard-munch_1863/munch_10.jpg,8
ArtemisArt/munch - edvard-munch_1863/munch_14.jpg,13
ArtemisArt/munch - edvard-munch_1863/munch_18.jpg,7
ArtemisArt/munch - edvard-munch_1863/munch_21.jpg,3
ArtemisArt/munch - edvard-munch_1863/munch_25.jpg,8
ArtemisArt/munch - edvard-munch_1863/munch_29.jpg,13
ArtemisArt/munch - edvard-munch_1863/munch_32.jpg,1
ArtemisArt/munch - edvard-munch_1863/munch_36.jpg,1
ArtemisArt/munch - edvard-munch_1863/munch_4.jpg,6
ArtemisArt/munch - edvard-munch_1863/munch_43.jpg,6
ArtemisArt/munch - edvard-munch_1863/munch_47.jpg,2
ArtemisArt/munch - edvard-munch_1863/munch_8.jpg,11
ArtemisArt/munter - gabriele-munter_1877/munter_11.jpg,14
ArtemisArt/munter - gabriele-munter_1877/munter_15.jpg,0
ArtemisArt/munter - gabriele-munter_1877/munter_19.jpg,4
ArtemisArt/munter - gabriele-munter_1877/munter_22.jpg,6
ArtemisArt/munter - gabriele-munter_1877/munter_26.jpg,5
ArtemisArt/munter - gabriele-munter_1877/munter_3.jpg,2
ArtemisArt/munter - gabriele-munter_1877/munter_33.jpg,7
ArtemisArt/munter - gabriele-munter_1877/munter_5.jpg,4
ArtemisArt/munter - gabriele-munter_1877/munter_9.jpg,12
ArtemisArt/murillo - bartolome-esteban-murillo_1618/murillo_12.jpg,10
ArtemisArt/murillo - bartolome-esteban-murillo_1618/murillo_16.jpg,14
ArtemisArt/murillo - bartolome-esteban-murillo_1618/murillo_2.jpg,2
ArtemisArt/murillo - bartolome-esteban-murillo_1618/murillo_23.jpg,3
ArtemisArt/murillo - bartolome-esteban-murillo_1618/murillo_27.jpg,5
ArtemisArt/murillo - bartolome-esteban-murillo_1618/murillo_30.jpg,2
ArtemisArt/murillo - bartolome-esteban-murillo_1618/murillo_34.jpg,2
ArtemisArt/murillo - bartolome-esteban-murillo_1618/murillo_38.jpg,5
ArtemisArt/murillo - bartolome-esteban-murillo_1618/murillo_41.jpg,10
ArtemisArt/murillo - bartolome-esteban-murillo_1618/murillo_45.jpg,1
ArtemisArt/murillo - bartolome-esteban-murillo_1618/murillo_49.jpg,4
ArtemisArt/murillo - bartolome-esteban-murillo_1618/murillo_52.jpg,11
ArtemisArt/murillo - bartolome-esteban-murillo_1618/murillo_8.jpg,8
ArtemisArt/nattier - jean-marc-nattier_1685/nattier_11.jpg,4
ArtemisArt/nattier - jean-marc-nattier_1685/nattier_15.jpg,2
ArtemisArt/nattier - jean-marc-nattier_1685/nattier_19.jpg,0
ArtemisArt/nattier - jean-marc-nattier_1685/nattier_22.jpg,8
ArtemisArt/nattier - jean-marc-nattier_1685/nattier_26.jpg,14
ArtemisArt/nattier - jean-marc-nattier_1685/nattier_3.jpg,1
ArtemisArt/nattier - jean-marc-nattier_1685/nattier_33.jpg,5
ArtemisArt/nattier - jean-marc-nattier_1685/nattier_4.jpg,7
ArtemisArt/nattier - jean-marc-nattier_1685/nattier_8.jpg,0
ArtemisArt/neel - alice-neel_1900/neel_11.jpg,0
ArtemisArt/neel - alice-neel_1900/neel_15.jpg,9
ArtemisArt/neel - alice-neel_1900/neel_19.jpg,1
ArtemisArt/neel - alice-neel_1900/neel_22.jpg,9
ArtemisArt/neel - alice-neel_1900/neel_26.jpg,9
ArtemisArt/neel - alice-neel_1900/neel_3.jpg,12
ArtemisArt/neel - alice-neel_1900/neel_33.jpg,12
ArtemisArt/neel - alice-neel_1900/neel_7.jpg,11
ArtemisArt/nielsen - eva-nielsen_1983/nielsen_10.jpg,6
ArtemisArt/nielsen - eva-nielsen_1983/nielsen_4.jpg,10
ArtemisArt/nielsen - eva-nielsen_1983/nielsen_8.jpg,6
ArtemisArt/nkanga - otobang-nkanga_1974/nkanga_11.jpg,3
ArtemisArt/nkanga - otobang-nkanga_1974/nkanga_15.jpg,4
ArtemisArt/nkanga - otobang-nkanga_1974/nkanga_19.jpg,13
ArtemisArt/nkanga - otobang-nkanga_1974/nkanga_22.jpg,8
ArtemisArt/nkanga - otobang-nkanga_1974/nkanga_3.jpg,1
ArtemisArt/nkanga - otobang-nkanga_1974/nkanga_7.jpg,9
ArtemisArt/nolde - emil-nolde_1867/nolde_10.jpg,6
ArtemisArt/nolde - emil-nolde_1867/nolde_2.jpg,2
ArtemisArt/nolde - emil-nolde_1867/nolde_6.jpg,14
ArtemisArt/oudry - jean-baptiste-oudry_1686/oudry_1.jpg,1
ArtemisArt/oudry - jean-baptiste-oudry_1686/oudry_13.jpg,7
ArtemisArt/oudry - jean-baptiste-oudry_1686/oudry_17.jpg,9
ArtemisArt/oudry - jean-baptiste-oudry_1686/oudry_20.jpg,13
ArtemisArt/oudry - jean-baptiste-oudry_1686/oudry_24.jpg,1
ArtemisArt/oudry - jean-baptiste-oudry_1686/oudry_28.jpg,4
ArtemisArt/oudry - jean-baptiste-oudry_1686/oudry_31.jpg,14
ArtemisArt/oudry - jean-baptiste-oudry_1686/oudry_6.jpg,12
ArtemisArt/parent - marie-florence-parent-dite-mimi-parent_1924/parent_1.jpg,3
ArtemisArt/parent - marie-florence-parent-dite-mimi-parent_1924/parent_4.jpg,0
ArtemisArt/parent - marie-florence-parent-dite-mimi-parent_1924/parent_8.jpg,5
ArtemisArt/parmigianino - girolamo-francesco-maria-mazzola-dit_1503/parmigianino_11.jpg,1
ArtemisArt/parmigianino - girolamo-francesco-maria-mazzola-dit_1503/parmigianino_5.jpg,7
ArtemisArt/parmigianino - girolamo-francesco-maria-mazzola-dit_1503/parmigianino_9.jpg,5
ArtemisArt/pater - jean-baptiste-pater_1695/pater_12.jpg,3
ArtemisArt/pater - jean-baptiste-pater_1695/pater_16.jpg,11
ArtemisArt/pater - jean-baptiste-pater_1695/pater_4.jpg,11
ArtemisArt/pater - jean-baptiste-pater_1695/pater_8.jpg,7
ArtemisArt/perera - rajni-perera_1985/perera_11.jpg,6
ArtemisArt/perera - rajni-perera_1985/perera_3.jpg,15
ArtemisArt/perera - rajni-perera_1985/perera_7.jpg,10
ArtemisArt/perrot - philippe-perrot_1967/perrot_10.jpg,14
ArtemisArt/perrot - philippe-perrot_1967/perrot_14.jpg,15
ArtemisArt/perrot - philippe-perrot_1967/perrot_18.jpg,3
ArtemisArt/perrot - philippe-perrot_1967/perrot_3.jpg,7
ArtemisArt/perrot - philippe-perrot_1967/perrot_7.jpg,7
ArtemisArt/perugin - pietro-di-cristoforo-vannucci-dit-perugin_1448/perugin_10.jpg,7
ArtemisArt/perugin - pietro-di-cristoforo-vannucci-dit-perugin_1448/perugin_14.jpg,4
ArtemisArt/perugin - pietro-di-cristoforo-vannucci-dit-perugin_1448/perugin_18.jpg,7
ArtemisArt/perugin - pietro-di-cristoforo-vannucci-dit-perugin_1448/perugin_21.jpg,9
ArtemisArt/perugin - pietro-di-cristoforo-vannucci-dit-perugin_1448/perugin_25.jpg,5
ArtemisArt/perugin - pietro-di-cristoforo-vannucci-dit-perugin_1448/perugin_29.jpg,10
ArtemisArt/perugin - pietro-di-cristoforo-vannucci-dit-perugin_1448/perugin_32.jpg,10
ArtemisArt/perugin - pietro-di-cristoforo-vannucci-dit-perugin_1448/perugin_36.jpg,0
ArtemisArt/perugin - pietro-di-cristoforo-vannucci-dit-perugin_1448/perugin_4.jpg,10
ArtemisArt/perugin - pietro-di-cristoforo-vannucci-dit-perugin_1448/perugin_43.jpg,8
ArtemisArt/perugin - pietro-di-cristoforo-vannucci-dit-perugin_1448/perugin_6.jpg,9
ArtemisArt/picabia - francis-picabia_1879/picabia_1.jpg,3
ArtemisArt/picabia - francis-picabia_1879/picabia_13.jpg,2
ArtemisArt/picabia - francis-picabia_1879/picabia_17.jpg,4
ArtemisArt/picabia - francis-picabia_1879/picabia_20.jpg,7
ArtemisArt/picabia - francis-picabia_1879/picabia_4.jpg,11
ArtemisArt/picabia - francis-picabia_1879/picabia_8.jpg,13
ArtemisArt/picasso - pablo-picasso_1881/picasso_11.jpg,4
ArtemisArt/picasso - pablo-picasso_1881/picasso_15.jpg,6
ArtemisArt/picasso - pablo-picasso_1881/picasso_19.jpg,9
ArtemisArt/picasso - pablo-picasso_1881/picasso_22.jpg,14
ArtemisArt/picasso - pablo-picasso_1881/picasso_26.jpg,14
ArtemisArt/picasso - pablo-picasso_1881/picasso_3.jpg,3
ArtemisArt/picasso - pablo-picasso_1881/picasso_33.jpg,4
ArtemisArt/picasso - pablo-picasso_1881/picasso_37.jpg,3
ArtemisArt/picasso - pablo-picasso_1881/picasso_40.jpg,13
ArtemisArt/picasso - pablo-picasso_1881/picasso_44.jpg,11
ArtemisArt/picasso - pablo-picasso_1881/picasso_48.jpg,0
ArtemisArt/picasso - pablo-picasso_1881/picasso_51.jpg,2
ArtemisArt/picasso - pablo-picasso_1881/picasso_55.jpg,5
ArtemisArt/picasso - pablo-picasso_1881/picasso_59.jpg,14
ArtemisArt/picasso - pablo-picasso_1881/picasso_62.jpg,4
ArtemisArt/picasso - pablo-picasso_1881/picasso_66.jpg,9
ArtemisArt/picasso - pablo-picasso_1881/picasso_7.jpg,2
ArtemisArt/picasso - pablo-picasso_1881/picasso_73.jpg,1
ArtemisArt/picasso - pablo-picasso_1881/picasso_77.jpg,11
ArtemisArt/picasso - pablo-picasso_1881/picasso_80.jpg,11
ArtemisArt/pincherle - adriana-pincherle_1905/pincherle_2.jpg,7
ArtemisArt/pincherle - adriana-pincherle_1905/pincherle_6.jpg,7
ArtemisArt/pissarro - camille-pissarro_1830/pissarro_1.jpg,11
ArtemisArt/pissarro - camille-pissarro_1830/pissarro_13.jpg,12
ArtemisArt/pissarro - camille-pissarro_1830/pissarro_17.jpg,1
ArtemisArt/pissarro - camille-pissarro_1830/pissarro_20.jpg,4
ArtemisArt/pissarro - camille-pissarro_1830/pissarro_24.jpg,10
ArtemisArt/pissarro - camille-pissarro_1830/pissarro_28.jpg,10
ArtemisArt/pissarro - camille-pissarro_1830/pissarro_31.jpg,14
ArtemisArt/pissarro - camille-pissarro_1830/pissarro_35.jpg,4
ArtemisArt/pissarro - camille-pissarro_1830/pissarro_5.jpg,6
ArtemisArt/pissarro - camille-pissarro_1830/pissarro_9.jpg,14
ArtemisArt/polke - sigmar-polke_1941/polke_4.jpg,5
ArtemisArt/polke - sigmar-polke_1941/polke_8.jpg,12
ArtemisArt/pollaiolo-p - piero-del-pollaiolo_1441/pollaiolo-p_12.jpg,9
ArtemisArt/pollaiolo-p - piero-del-pollaiolo_1441/pollaiolo-p_5.jpg,9
ArtemisArt/pollaiolo-p - piero-del-pollaiolo_1441/pollaiolo-p_9.jpg,1
ArtemisArt/pontormo - jacopo-carucci-dit-pontormo_1494/pontormo_4.jpg,15
ArtemisArt/pontormo - jacopo-carucci-dit-pontormo_1494/pontormo_8.jpg,5
ArtemisArt/portana - vicente-lopez-portana_1772/portana_12.jpg,10
ArtemisArt/portana - vicente-lopez-portana_1772/portana_16.jpg,11
ArtemisArt/portana - vicente-lopez-portana_1772/portana_4.jpg,11
ArtemisArt/portana - vicente-lopez-portana_1772/portana_8.jpg,6
ArtemisArt/pourbus - frans-II-pourbus-le-jeune_1569/pourbus_11.jpg,4
ArtemisArt/pourbus - frans-II-pourbus-le-jeune_1569/pourbus_15.jpg,7
ArtemisArt/pourbus - frans-II-pourbus-le-jeune_1569/pourbus_5.jpg,10
ArtemisArt/pourbus - frans-II-pourbus-le-jeune_1569/pourbus_9.jpg,13
ArtemisArt/poussin - nicolas-poussin_1594/poussin_12.jpg,1
ArtemisArt/poussin - nicolas-poussin_1594/poussin_16.jpg,12
ArtemisArt/poussin - nicolas-poussin_1594/poussin_2.jpg,13
ArtemisArt/poussin - nicolas-poussin_1594/poussin_23.jpg,12
ArtemisArt/poussin - nicolas-poussin_1594/poussin_27.jpg,9
ArtemisArt/poussin - nicolas-poussin_1594/poussin_30.jpg,1
ArtemisArt/poussin - nicolas-poussin_1594/poussin_34.jpg,2
ArtemisArt/poussin - nicolas-poussin_1594/poussin_38.jpg,12
ArtemisArt/poussin - nicolas-poussin_1594/poussin_41.jpg,12
ArtemisArt/poussin - nicolas-poussin_1594/poussin_45.jpg,3
ArtemisArt/poussin - nicolas-poussin_1594/poussin_49.jpg,4
ArtemisArt/poussin - nicolas-poussin_1594/poussin_52.jpg,7
ArtemisArt/poussin - nicolas-poussin_1594/poussin_56.jpg,13
ArtemisArt/poussin - nicolas-poussin_1594/poussin_6.jpg,5
ArtemisArt/poussin - nicolas-poussin_1594/poussin_63.jpg,5
ArtemisArt/poussin - nicolas-poussin_1594/poussin_67.jpg,13
ArtemisArt/poussin - nicolas-poussin_1594/poussin_70.jpg,5
ArtemisArt/poussin - nicolas-poussin_1594/poussin_74.jpg,14
ArtemisArt/primitifs-espagnols - de-1300-a-1500_1450/primitifs-espagnols_10.jpg,6
ArtemisArt/primitifs-espagnols - de-1300-a-1500_1450/primitifs-espagnols_14.jpg,0
ArtemisArt/primitifs-espagnols - de-1300-a-1500_1450/primitifs-espagnols_18.jpg,4
ArtemisArt/primitifs-espagnols - de-1300-a-1500_1450/primitifs-espagnols_21.jpg,13
ArtemisArt/primitifs-espagnols - de-1300-a-1500_1450/primitifs-espagnols_4.jpg,9
ArtemisArt/primitifs-espagnols - de-1300-a-1500_1450/primitifs-espagnols_8.jpg,2
ArtemisArt/primitifs-ethiopiens - peinture-religieuse-chretienne-ethiopie_1750/primitifs-ethiopie_11.jpg,0
ArtemisArt/primitifs-ethiopiens - peinture-religieuse-chretienne-ethiopie_1750/primitifs-ethiopie_15.jpg,8
ArtemisArt/primitifs-ethiopiens - peinture-religieuse-chretienne-ethiopie_1750/primitifs-ethiopie_19.jpg,2
ArtemisArt/primitifs-ethiopiens - peinture-religieuse-chretienne-ethiopie_1750/primitifs-ethiopie_22.jpg,9
ArtemisArt/primitifs-ethiopiens - peinture-religieuse-chretienne-ethiopie_1750/primitifs-ethiopie_4.jpg,9
ArtemisArt/primitifs-ethiopiens - peinture-religieuse-chretienne-ethiopie_1750/primitifs-ethiopie_8.jpg,1
ArtemisArt/primitifs-flamands - de-1300-a-1500 _1450/primitifs-flamands_11.jpg,7
ArtemisArt/primitifs-flamands - de-1300-a-1500 _1450/primitifs-flamands_15.jpg,6
ArtemisArt/primitifs-flamands - de-1300-a-1500 _1450/primitifs-flamands_19.jpg,10
ArtemisArt/primitifs-flamands - de-1300-a-1500 _1450/primitifs-flamands_22.jpg,10
ArtemisArt/primitifs-flamands - de-1300-a-1500 _1450/primitifs-flamands_26.jpg,15
ArtemisArt/primitifs-flamands - de-1300-a-1500 _1450/primitifs-flamands_3.jpg,5
ArtemisArt/primitifs-flamands - de-1300-a-1500 _1450/primitifs-flamands_33.jpg,6
ArtemisArt/primitifs-flamands - de-1300-a-1500 _1450/primitifs-flamands_37.jpg,3
ArtemisArt/primitifs-flamands - de-1300-a-1500 _1450/primitifs-flamands_40.jpg,6
ArtemisArt/primitifs-flamands - de-1300-a-1500 _1450/primitifs-flamands_44.jpg,7
ArtemisArt/primitifs-flamands - de-1300-a-1500 _1450/primitifs-flamands_48.jpg,11
ArtemisArt/primitifs-flamands - de-1300-a-1500 _1450/primitifs-flamands_51.jpg,8
ArtemisArt/primitifs-flamands - de-1300-a-1500 _1450/primitifs-flamands_9.jpg,5
ArtemisArt/primitifs-grecs - icones-grece-crete-macedoine-1200-1600_1400/primitifs-grecs_12.jpg,4
ArtemisArt/primitifs-grecs - icones-grece-crete-macedoine-1200-1600_1400/primitifs-grecs_16.jpg,1
ArtemisArt/primitifs-grecs - icones-grece-crete-macedoine-1200-1600_1400/primitifs-grecs_2.jpg,4
ArtemisArt/primitifs-grecs - icones-grece-crete-macedoine-1200-1600_1400/primitifs-grecs_23.jpg,11
ArtemisArt/primitifs-grecs - icones-grece-crete-macedoine-1200-1600_1400/primitifs-grecs_27.jpg,15
ArtemisArt/primitifs-grecs - icones-grece-crete-macedoine-1200-1600_1400/primitifs-grecs_30.jpg,15
ArtemisArt/primitifs-grecs - icones-grece-crete-macedoine-1200-1600_1400/primitifs-grecs_34.jpg,11
ArtemisArt/primitifs-grecs - icones-grece-crete-macedoine-1200-1600_1400/primitifs-grecs_38.jpg,14
ArtemisArt/primitifs-grecs - icones-grece-crete-macedoine-1200-1600_1400/primitifs-grecs_41.jpg,15
ArtemisArt/primitifs-grecs - icones-grece-crete-macedoine-1200-1600_1400/primitifs-grecs_45.jpg,15
ArtemisArt/primitifs-grecs - icones-grece-crete-macedoine-1200-1600_1400/primitifs-grecs_49.jpg,0
ArtemisArt/primitifs-grecs - icones-grece-crete-macedoine-1200-1600_1400/primitifs-grecs_52.jpg,2
ArtemisArt/primitifs-grecs - icones-grece-crete-macedoine-1200-1600_1400/primitifs-grecs_56.jpg,2
ArtemisArt/primitifs-grecs - icones-grece-crete-macedoine-1200-1600_1400/primitifs-grecs_8.jpg,1
ArtemisArt/primitifs-italiens - de-1200-a-1500_1400/primitifs-italiens_11.jpg,10
ArtemisArt/primitifs-italiens - de-1200-a-1500_1400/primitifs-italiens_15.jpg,15
ArtemisArt/primitifs-italiens - de-1200-a-1500_1400/primitifs-italiens_19.jpg,9
ArtemisArt/primitifs-italiens - de-1200-a-1500_1400/primitifs-italiens_22.jpg,4
ArtemisArt/primitifs-italiens - de-1200-a-1500_1400/primitifs-italiens_26.jpg,4
ArtemisArt/primitifs-italiens - de-1200-a-1500_1400/primitifs-italiens_3.jpg,14
ArtemisArt/primitifs-italiens - de-1200-a-1500_1400/primitifs-italiens_33.jpg,13
ArtemisArt/primitifs-italiens - de-1200-a-1500_1400/primitifs-italiens_37.jpg,11
ArtemisArt/primitifs-italiens - de-1200-a-1500_1400/primitifs-italiens_40.jpg,10
ArtemisArt/primitifs-italiens - de-1200-a-1500_1400/primitifs-italiens_44.jpg,6
ArtemisArt/primitifs-italiens - de-1200-a-1500_1400/primitifs-italiens_48.jpg,3
ArtemisArt/primitifs-italiens - de-1200-a-1500_1400/primitifs-italiens_51.jpg,13
ArtemisArt/primitifs-italiens - de-1200-a-1500_1400/primitifs-italiens_55.jpg,0
ArtemisArt/primitifs-italiens - de-1200-a-1500_1400/primitifs-italiens_59.jpg,7
ArtemisArt/primitifs-italiens - de-1200-a-1500_1400/primitifs-italiens_62.jpg,2
ArtemisArt/primitifs-italiens - de-1200-a-1500_1400/primitifs-italiens_66.jpg,9
ArtemisArt/primitifs-italiens - de-1200-a-1500_1400/primitifs-italiens_7.jpg,1
ArtemisArt/primitifs-italiens - de-1200-a-1500_1400/primitifs-italiens_73.jpg,4
ArtemisArt/primitifs-italiens - de-1200-a-1500_1400/primitifs-italiens_77.jpg,15
ArtemisArt/primitifs-italiens - de-1200-a-1500_1400/primitifs-italiens_80.jpg,12
ArtemisArt/primitifs-italiens - de-1200-a-1500_1400/primitifs-italiens_84.jpg,1
ArtemisArt/primitifs-italiens - de-1200-a-1500_1400/primitifs-italiens_88.jpg,4
ArtemisArt/primitifs-russes - icones-russie-1600-1750_1680/primitifs-russes_1.jpg,14
ArtemisArt/primitifs-russes - icones-russie-1600-1750_1680/primitifs-russes_13.jpg,15
ArtemisArt/primitifs-russes - icones-russie-1600-1750_1680/primitifs-russes_17.jpg,10
ArtemisArt/primitifs-russes - icones-russie-1600-1750_1680/primitifs-russes_4.jpg,2
ArtemisArt/primitifs-russes - icones-russie-1600-1750_1680/primitifs-russes_8.jpg,6
ArtemisArt/prouve - victor-prouve_1858/prouve_11.jpg,7
ArtemisArt/prouve - victor-prouve_1858/prouve_15.jpg,3
ArtemisArt/prouve - victor-prouve_1858/prouve_19.jpg,7
ArtemisArt/prouve - victor-prouve_1858/prouve_22.jpg,13
ArtemisArt/prouve - victor-prouve_1858/prouve_4.jpg,3
ArtemisArt/prouve - victor-prouve_1858/prouve_8.jpg,0
ArtemisArt/prudhon - pierre-paul-prudhon_1758/prudhon_11.jpg,2
ArtemisArt/prudhon - pierre-paul-prudhon_1758/prudhon_15.jpg,12
ArtemisArt/prudhon - pierre-paul-prudhon_1758/prudhon_19.jpg,12
ArtemisArt/prudhon - pierre-paul-prudhon_1758/prudhon_22.jpg,10
ArtemisArt/prudhon - pierre-paul-prudhon_1758/prudhon_26.jpg,6
ArtemisArt/prudhon - pierre-paul-prudhon_1758/prudhon_4.jpg,0
ArtemisArt/prudhon - pierre-paul-prudhon_1758/prudhon_8.jpg,0
ArtemisArt/puvis-de-chavannes - pierre-puvis-de-chavannes_1824/puvis-de-chavannes_11.jpg,9
ArtemisArt/puvis-de-chavannes - pierre-puvis-de-chavannes_1824/puvis-de-chavannes_15.jpg,6
ArtemisArt/puvis-de-chavannes - pierre-puvis-de-chavannes_1824/puvis-de-chavannes_19.jpg,0
ArtemisArt/puvis-de-chavannes - pierre-puvis-de-chavannes_1824/puvis-de-chavannes_22.jpg,2
ArtemisArt/puvis-de-chavannes - pierre-puvis-de-chavannes_1824/puvis-de-chavannes_26.jpg,7
ArtemisArt/puvis-de-chavannes - pierre-puvis-de-chavannes_1824/puvis-de-chavannes_3.jpg,14
ArtemisArt/puvis-de-chavannes - pierre-puvis-de-chavannes_1824/puvis-de-chavannes_33.jpg,0
ArtemisArt/puvis-de-chavannes - pierre-puvis-de-chavannes_1824/puvis-de-chavannes_37.jpg,9
ArtemisArt/puvis-de-chavannes - pierre-puvis-de-chavannes_1824/puvis-de-chavannes_6.jpg,15
ArtemisArt/rammellzee - rammellzee_1960/rammellzee_1.jpg,9
ArtemisArt/rammellzee - rammellzee_1960/rammellzee_13.jpg,13
ArtemisArt/rammellzee - rammellzee_1960/rammellzee_17.jpg,11
ArtemisArt/rammellzee - rammellzee_1960/rammellzee_20.jpg,10
ArtemisArt/rammellzee - rammellzee_1960/rammellzee_24.jpg,9
ArtemisArt/rammellzee - rammellzee_1960/rammellzee_28.jpg,5
ArtemisArt/rammellzee - rammellzee_1960/rammellzee_4.jpg,9
ArtemisArt/rammellzee - rammellzee_1960/rammellzee_8.jpg,6
ArtemisArt/raphael - raffaello-sanzio-da-urbino_1483/raphael_11.jpg,2
ArtemisArt/raphael - raffaello-sanzio-da-urbino_1483/raphael_15.jpg,2
ArtemisArt/raphael - raffaello-sanzio-da-urbino_1483/raphael_19.jpg,10
ArtemisArt/raphael - raffaello-sanzio-da-urbino_1483/raphael_22.jpg,2
ArtemisArt/raphael - raffaello-sanzio-da-urbino_1483/raphael_26.jpg,7
ArtemisArt/raphael - raffaello-sanzio-da-urbino_1483/raphael_3.jpg,3
ArtemisArt/raphael - raffaello-sanzio-da-urbino_1483/raphael_33.jpg,8
ArtemisArt/raphael - raffaello-sanzio-da-urbino_1483/raphael_37.jpg,10
ArtemisArt/raphael - raffaello-sanzio-da-urbino_1483/raphael_40.jpg,11
ArtemisArt/raphael - raffaello-sanzio-da-urbino_1483/raphael_44.jpg,6
ArtemisArt/raphael - raffaello-sanzio-da-urbino_1483/raphael_48.jpg,0
ArtemisArt/raphael - raffaello-sanzio-da-urbino_1483/raphael_51.jpg,14
ArtemisArt/raphael - raffaello-sanzio-da-urbino_1483/raphael_55.jpg,0
ArtemisArt/raphael - raffaello-sanzio-da-urbino_1483/raphael_59.jpg,10
ArtemisArt/raphael - raffaello-sanzio-da-urbino_1483/raphael_62.jpg,6
ArtemisArt/raphael - raffaello-sanzio-da-urbino_1483/raphael_66.jpg,10
ArtemisArt/raphael - raffaello-sanzio-da-urbino_1483/raphael_7.jpg,11
ArtemisArt/raphael - raffaello-sanzio-da-urbino_1483/raphael_73.jpg,10
ArtemisArt/raphael - raffaello-sanzio-da-urbino_1483/raphael_77.jpg,14
ArtemisArt/raphael - raffaello-sanzio-da-urbino_1483/raphael_80.jpg,5
ArtemisArt/raphael - raffaello-sanzio-da-urbino_1483/raphael_84.jpg,0
ArtemisArt/raphael - raffaello-sanzio-da-urbino_1483/raphael_9.jpg,12
ArtemisArt/redon - odilon-redon_1840/redon_12.jpg,14
ArtemisArt/redon - odilon-redon_1840/redon_16.jpg,9
ArtemisArt/redon - odilon-redon_1840/redon_2.jpg,-1
ArtemisArt/redon - odilon-redon_1840/redon_23.jpg,5
ArtemisArt/redon - odilon-redon_1840/redon_27.jpg,2
ArtemisArt/redon - odilon-redon_1840/redon_30.jpg,13
ArtemisArt/redon - odilon-redon_1840/redon_34.jpg,12
ArtemisArt/redon - odilon-redon_1840/redon_38.jpg,12
ArtemisArt/redon - odilon-redon_1840/redon_41.jpg,10
ArtemisArt/redon - odilon-redon_1840/redon_45.jpg,2
ArtemisArt/redon - odilon-redon_1840/redon_6.jpg,11
ArtemisArt/reigl - judit-reigl_1923/reigl_1.jpg,3
ArtemisArt/reigl - judit-reigl_1923/reigl_5.jpg,3
ArtemisArt/rembrandt - rembrandt-van-rijn_1606/rembrandt_1.jpg,13
ArtemisArt/rembrandt - rembrandt-van-rijn_1606/rembrandt_13.jpg,8
ArtemisArt/rembrandt - rembrandt-van-rijn_1606/rembrandt_17.jpg,12
ArtemisArt/rembrandt - rembrandt-van-rijn_1606/rembrandt_20.jpg,1
ArtemisArt/rembrandt - rembrandt-van-rijn_1606/rembrandt_24.jpg,9
ArtemisArt/rembrandt - rembrandt-van-rijn_1606/rembrandt_28.jpg,3
ArtemisArt/rembrandt - rembrandt-van-rijn_1606/rembrandt_31.jpg,6
ArtemisArt/rembrandt - rembrandt-van-rijn_1606/rembrandt_35.jpg,8
ArtemisArt/rembrandt - rembrandt-van-rijn_1606/rembrandt_39.jpg,3
ArtemisArt/rembrandt - rembrandt-van-rijn_1606/rembrandt_42.jpg,6
ArtemisArt/rembrandt - rembrandt-van-rijn_1606/rembrandt_46.jpg,7
ArtemisArt/rembrandt - rembrandt-van-rijn_1606/rembrandt_5.jpg,8
ArtemisArt/rembrandt - rembrandt-van-rijn_1606/rembrandt_53.jpg,2
ArtemisArt/rembrandt - rembrandt-van-rijn_1606/rembrandt_57.jpg,2
ArtemisArt/rembrandt - rembrandt-van-rijn_1606/rembrandt_60.jpg,13
ArtemisArt/rembrandt - rembrandt-van-rijn_1606/rembrandt_64.jpg,1
ArtemisArt/rembrandt - rembrandt-van-rijn_1606/rembrandt_68.jpg,3
ArtemisArt/rembrandt - rembrandt-van-rijn_1606/rembrandt_71.jpg,1
ArtemisArt/rembrandt - rembrandt-van-rijn_1606/rembrandt_75.jpg,6
ArtemisArt/rembrandt - rembrandt-van-rijn_1606/rembrandt_79.jpg,14
ArtemisArt/rembrandt - rembrandt-van-rijn_1606/rembrandt_82.jpg,2
ArtemisArt/reni - guido-reni_1575/reni_10.jpg,8
ArtemisArt/reni - guido-reni_1575/reni_14.jpg,15
ArtemisArt/reni - guido-reni_1575/reni_18.jpg,5
ArtemisArt/reni - guido-reni_1575/reni_21.jpg,5
ArtemisArt/reni - guido-reni_1575/reni_25.jpg,9
ArtemisArt/reni - guido-reni_1575/reni_29.jpg,8
ArtemisArt/reni - guido-reni_1575/reni_32.jpg,8
ArtemisArt/reni - guido-reni_1575/reni_36.jpg,4
ArtemisArt/reni - guido-reni_1575/reni_4.jpg,12
ArtemisArt/reni - guido-reni_1575/reni_43.jpg,10
ArtemisArt/reni - guido-reni_1575/reni_5.jpg,13
ArtemisArt/reni - guido-reni_1575/reni_9.jpg,13
ArtemisArt/renoir - auguste-renoir_1841/renoir_101.jpg,15
ArtemisArt/renoir - auguste-renoir_1841/renoir_105.jpg,13
ArtemisArt/renoir - auguste-renoir_1841/renoir_109.jpg,15
ArtemisArt/renoir - auguste-renoir_1841/renoir_112.jpg,0
ArtemisArt/renoir - auguste-renoir_1841/renoir_116.jpg,10
ArtemisArt/renoir - auguste-renoir_1841/renoir_12.jpg,1
ArtemisArt/renoir - auguste-renoir_1841/renoir_123.jpg,13
ArtemisArt/renoir - auguste-renoir_1841/renoir_127.jpg,2
ArtemisArt/renoir - auguste-renoir_1841/renoir_130.jpg,12
ArtemisArt/renoir - auguste-renoir_1841/renoir_134.jpg,13
ArtemisArt/renoir - auguste-renoir_1841/renoir_138.jpg,14
ArtemisArt/renoir - auguste-renoir_1841/renoir_141.jpg,5
ArtemisArt/renoir - auguste-renoir_1841/renoir_145.jpg,13
ArtemisArt/renoir - auguste-renoir_1841/renoir_149.jpg,0
ArtemisArt/renoir - auguste-renoir_1841/renoir_17.jpg,4
ArtemisArt/renoir - auguste-renoir_1841/renoir_20.jpg,14
ArtemisArt/renoir - auguste-renoir_1841/renoir_24.jpg,1
ArtemisArt/renoir - auguste-renoir_1841/renoir_28.jpg,0
ArtemisArt/renoir - auguste-renoir_1841/renoir_31.jpg,13
ArtemisArt/renoir - auguste-renoir_1841/renoir_35.jpg,11
ArtemisArt/renoir - auguste-renoir_1841/renoir_39.jpg,0
ArtemisArt/renoir - auguste-renoir_1841/renoir_42.jpg,2
ArtemisArt/renoir - auguste-renoir_1841/renoir_46.jpg,6
ArtemisArt/renoir - auguste-renoir_1841/renoir_5.jpg,11
ArtemisArt/renoir - auguste-renoir_1841/renoir_53.jpg,1
ArtemisArt/renoir - auguste-renoir_1841/renoir_57.jpg,14
ArtemisArt/renoir - auguste-renoir_1841/renoir_60.jpg,6
ArtemisArt/renoir - auguste-renoir_1841/renoir_64.jpg,13
ArtemisArt/renoir - auguste-renoir_1841/renoir_68.jpg,5
ArtemisArt/renoir - auguste-renoir_1841/renoir_71.jpg,3
ArtemisArt/renoir - auguste-renoir_1841/renoir_75.jpg,12
ArtemisArt/renoir - auguste-renoir_1841/renoir_79.jpg,14
ArtemisArt/renoir - auguste-renoir_1841/renoir_82.jpg,7
ArtemisArt/renoir - auguste-renoir_1841/renoir_86.jpg,8
ArtemisArt/renoir - auguste-renoir_1841/renoir_9.jpg,8
ArtemisArt/renoir - auguste-renoir_1841/renoir_93.jpg,13
ArtemisArt/renoir - auguste-renoir_1841/renoir_97.jpg,0
ArtemisArt/reynolds - joshua-reynolds_1723/reynolds_10.jpg,7
ArtemisArt/reynolds - joshua-reynolds_1723/reynolds_14.jpg,7
ArtemisArt/reynolds - joshua-reynolds_1723/reynolds_18.jpg,12
ArtemisArt/reynolds - joshua-reynolds_1723/reynolds_21.jpg,8
ArtemisArt/reynolds - joshua-reynolds_1723/reynolds_25.jpg,0
ArtemisArt/reynolds - joshua-reynolds_1723/reynolds_29.jpg,12
ArtemisArt/reynolds - joshua-reynolds_1723/reynolds_32.jpg,1
ArtemisArt/reynolds - joshua-reynolds_1723/reynolds_36.jpg,0
ArtemisArt/reynolds - joshua-reynolds_1723/reynolds_4.jpg,6
ArtemisArt/reynolds - joshua-reynolds_1723/reynolds_43.jpg,8
ArtemisArt/reynolds - joshua-reynolds_1723/reynolds_5.jpg,1
ArtemisArt/reynolds - joshua-reynolds_1723/reynolds_9.jpg,2
ArtemisArt/ribera - jose-ribera_1591/ribera_12.jpg,8
ArtemisArt/ribera - jose-ribera_1591/ribera_16.jpg,1
ArtemisArt/ribera - jose-ribera_1591/ribera_2.jpg,1
ArtemisArt/ribera - jose-ribera_1591/ribera_23.jpg,15
ArtemisArt/ribera - jose-ribera_1591/ribera_27.jpg,8
ArtemisArt/ribera - jose-ribera_1591/ribera_30.jpg,2
ArtemisArt/ribera - jose-ribera_1591/ribera_34.jpg,8
ArtemisArt/ribera - jose-ribera_1591/ribera_38.jpg,14
ArtemisArt/ribera - jose-ribera_1591/ribera_41.jpg,6
ArtemisArt/ribera - jose-ribera_1591/ribera_45.jpg,15
ArtemisArt/ribera - jose-ribera_1591/ribera_49.jpg,8
ArtemisArt/ribera - jose-ribera_1591/ribera_52.jpg,13
ArtemisArt/ribera - jose-ribera_1591/ribera_56.jpg,8
ArtemisArt/ribera - jose-ribera_1591/ribera_6.jpg,8
ArtemisArt/ribera - jose-ribera_1591/ribera_63.jpg,2
ArtemisArt/ribera - jose-ribera_1591/ribera_67.jpg,7
ArtemisArt/ribera - jose-ribera_1591/ribera_70.jpg,3
ArtemisArt/ribera - jose-ribera_1591/ribera_74.jpg,9
ArtemisArt/ribera - jose-ribera_1591/ribera_78.jpg,5
ArtemisArt/ribera - jose-ribera_1591/ribera_81.jpg,13
ArtemisArt/ribera - jose-ribera_1591/ribera_85.jpg,4
ArtemisArt/ribera - jose-ribera_1591/ribera_89.jpg,6
ArtemisArt/richter - gerhard-richter_1932/richter_1.jpg,12
ArtemisArt/richter - gerhard-richter_1932/richter_102.jpg,5
ArtemisArt/richter - gerhard-richter_1932/richter_14.jpg,10
ArtemisArt/richter - gerhard-richter_1932/richter_18.jpg,10
ArtemisArt/richter - gerhard-richter_1932/richter_21.jpg,9
ArtemisArt/richter - gerhard-richter_1932/richter_25.jpg,1
ArtemisArt/richter - gerhard-richter_1932/richter_29.jpg,12
ArtemisArt/richter - gerhard-richter_1932/richter_32.jpg,9
ArtemisArt/richter - gerhard-richter_1932/richter_36.jpg,1
ArtemisArt/richter - gerhard-richter_1932/richter_4.jpg,9
ArtemisArt/richter - gerhard-richter_1932/richter_43.jpg,5
ArtemisArt/richter - gerhard-richter_1932/richter_47.jpg,4
ArtemisArt/richter - gerhard-richter_1932/richter_50.jpg,1
ArtemisArt/richter - gerhard-richter_1932/richter_54.jpg,2
ArtemisArt/richter - gerhard-richter_1932/richter_58.jpg,15
ArtemisArt/richter - gerhard-richter_1932/richter_61.jpg,10
ArtemisArt/richter - gerhard-richter_1932/richter_65.jpg,15
ArtemisArt/richter - gerhard-richter_1932/richter_69.jpg,7
ArtemisArt/richter - gerhard-richter_1932/richter_72.jpg,0
ArtemisArt/richter - gerhard-richter_1932/richter_76.jpg,15
ArtemisArt/richter - gerhard-richter_1932/richter_8.jpg,1
ArtemisArt/richter - gerhard-richter_1932/richter_83.jpg,11
ArtemisArt/richter - gerhard-richter_1932/richter_87.jpg,1
ArtemisArt/richter - gerhard-richter_1932/richter_90.jpg,5
ArtemisArt/richter - gerhard-richter_1932/richter_94.jpg,14
ArtemisArt/richter - gerhard-richter_1932/richter_98.jpg,7
ArtemisArt/rigaud - hyacinthe-rigaud_1659/rigaud_11.jpg,0
ArtemisArt/rigaud - hyacinthe-rigaud_1659/rigaud_15.jpg,12
ArtemisArt/rigaud - hyacinthe-rigaud_1659/rigaud_19.jpg,14
ArtemisArt/rigaud - hyacinthe-rigaud_1659/rigaud_5.jpg,14
ArtemisArt/rigaud - hyacinthe-rigaud_1659/rigaud_9.jpg,15
ArtemisArt/ringgold - faith-ringgold_1930/ringgold_12.jpg,15
ArtemisArt/ringgold - faith-ringgold_1930/ringgold_16.jpg,10
ArtemisArt/ringgold - faith-ringgold_1930/ringgold_2.jpg,0
ArtemisArt/ringgold - faith-ringgold_1930/ringgold_23.jpg,5
ArtemisArt/ringgold - faith-ringgold_1930/ringgold_27.jpg,15
ArtemisArt/ringgold - faith-ringgold_1930/ringgold_30.jpg,12
ArtemisArt/ringgold - faith-ringgold_1930/ringgold_5.jpg,0
ArtemisArt/ringgold - faith-ringgold_1930/ringgold_9.jpg,9
ArtemisArt/rivera - diego-rivera_1886/rivera_12.jpg,5
ArtemisArt/rivera - diego-rivera_1886/rivera_5.jpg,15
ArtemisArt/rivera - diego-rivera_1886/rivera_9.jpg,3
ArtemisArt/robert - hubert-robert_1733/robert_12.jpg,10
ArtemisArt/robert - hubert-robert_1733/robert_16.jpg,11
ArtemisArt/robert - hubert-robert_1733/robert_2.jpg,6
ArtemisArt/robert - hubert-robert_1733/robert_23.jpg,14
ArtemisArt/robert - hubert-robert_1733/robert_27.jpg,4
ArtemisArt/robert - hubert-robert_1733/robert_30.jpg,2
ArtemisArt/robert - hubert-robert_1733/robert_34.jpg,9
ArtemisArt/robert - hubert-robert_1733/robert_38.jpg,6
ArtemisArt/robert - hubert-robert_1733/robert_41.jpg,14
ArtemisArt/robert - hubert-robert_1733/robert_45.jpg,15
ArtemisArt/robert - hubert-robert_1733/robert_49.jpg,5
ArtemisArt/robert - hubert-robert_1733/robert_8.jpg,-1
ArtemisArt/rosa - salvator-rosa_1615/rosa_11.jpg,0
ArtemisArt/rosa - salvator-rosa_1615/rosa_15.jpg,5
ArtemisArt/rosa - salvator-rosa_1615/rosa_3.jpg,6
ArtemisArt/rosa - salvator-rosa_1615/rosa_7.jpg,15
ArtemisArt/rosai - ottone-rosai_1895/rosai_10.jpg,2
ArtemisArt/rosai - ottone-rosai_1895/rosai_14.jpg,12
ArtemisArt/rosai - ottone-rosai_1895/rosai_18.jpg,3
ArtemisArt/rosai - ottone-rosai_1895/rosai_21.jpg,11
ArtemisArt/rosai - ottone-rosai_1895/rosai_4.jpg,1
ArtemisArt/rosai - ottone-rosai_1895/rosai_8.jpg,9
ArtemisArt/rosso-fiorentino - giovanni-battista-di-jacopo-dit-rosso-fiorentino_1494/rosso-fiorentino_3.jpg,2
ArtemisArt/rosso-fiorentino - giovanni-battista-di-jacopo-dit-rosso-fiorentino_1494/rosso-fiorentino_7.jpg,5
ArtemisArt/rothko - mark-rothko_1903/rothko_11.jpg,6
ArtemisArt/rothko - mark-rothko_1903/rothko_15.jpg,9
ArtemisArt/rothko - mark-rothko_1903/rothko_19.jpg,9
ArtemisArt/rothko - mark-rothko_1903/rothko_22.jpg,11
ArtemisArt/rothko - mark-rothko_1903/rothko_26.jpg,4
ArtemisArt/rothko - mark-rothko_1903/rothko_3.jpg,11
ArtemisArt/rothko - mark-rothko_1903/rothko_33.jpg,15
ArtemisArt/rothko - mark-rothko_1903/rothko_37.jpg,12
ArtemisArt/rothko - mark-rothko_1903/rothko_40.jpg,13
ArtemisArt/rothko - mark-rothko_1903/rothko_44.jpg,0
ArtemisArt/rothko - mark-rothko_1903/rothko_48.jpg,3
ArtemisArt/rothko - mark-rothko_1903/rothko_51.jpg,10
ArtemisArt/rothko - mark-rothko_1903/rothko_55.jpg,15
ArtemisArt/rothko - mark-rothko_1903/rothko_59.jpg,3
ArtemisArt/rothko - mark-rothko_1903/rothko_62.jpg,1
ArtemisArt/rothko - mark-rothko_1903/rothko_66.jpg,15
ArtemisArt/rothko - mark-rothko_1903/rothko_7.jpg,5
ArtemisArt/rothko - mark-rothko_1903/rothko_9.jpg,6
ArtemisArt/rouart - augustin-rouart_1907/rouart_12.jpg,8
ArtemisArt/rouart - augustin-rouart_1907/rouart_16.jpg,3
ArtemisArt/rouart - augustin-rouart_1907/rouart_2.jpg,15
ArtemisArt/rouart - augustin-rouart_1907/rouart_6.jpg,8
ArtemisArt/rouault - georges-henri-rouault_1871/rouault_1.jpg,0
ArtemisArt/rouault - georges-henri-rouault_1871/rouault_13.jpg,10
ArtemisArt/rouault - georges-henri-rouault_1871/rouault_17.jpg,7
ArtemisArt/rouault - georges-henri-rouault_1871/rouault_3.jpg,7
ArtemisArt/rouault - georges-henri-rouault_1871/rouault_7.jpg,13
ArtemisArt/rousseau-t - theodore-rousseau_1812/rousseau-t_10.jpg,11
ArtemisArt/rousseau-t - theodore-rousseau_1812/rousseau-t_14.jpg,8
ArtemisArt/rousseau-t - theodore-rousseau_1812/rousseau-t_18.jpg,3
ArtemisArt/rousseau-t - theodore-rousseau_1812/rousseau-t_21.jpg,13
ArtemisArt/rousseau-t - theodore-rousseau_1812/rousseau-t_3.jpg,10
ArtemisArt/rousseau-t - theodore-rousseau_1812/rousseau-t_7.jpg,2
ArtemisArt/rubens - peter-paul-rubens_1577/rubens_10.jpg,3
ArtemisArt/rubens - peter-paul-rubens_1577/rubens_103.jpg,14
ArtemisArt/rubens - peter-paul-rubens_1577/rubens_107.jpg,3
ArtemisArt/rubens - peter-paul-rubens_1577/rubens_110.jpg,4
ArtemisArt/rubens - peter-paul-rubens_1577/rubens_114.jpg,8
ArtemisArt/rubens - peter-paul-rubens_1577/rubens_118.jpg,15
ArtemisArt/rubens - peter-paul-rubens_1577/rubens_121.jpg,5
ArtemisArt/rubens - peter-paul-rubens_1577/rubens_125.jpg,0
ArtemisArt/rubens - peter-paul-rubens_1577/rubens_129.jpg,4
ArtemisArt/rubens - peter-paul-rubens_1577/rubens_132.jpg,12
ArtemisArt/rubens - peter-paul-rubens_1577/rubens_136.jpg,12
ArtemisArt/rubens - peter-paul-rubens_1577/rubens_14.jpg,9
ArtemisArt/rubens - peter-paul-rubens_1577/rubens_143.jpg,11
ArtemisArt/rubens - peter-paul-rubens_1577/rubens_147.jpg,7
ArtemisArt/rubens - peter-paul-rubens_1577/rubens_150.jpg,9
ArtemisArt/rubens - peter-paul-rubens_1577/rubens_154.jpg,6
ArtemisArt/rubens - peter-paul-rubens_1577/rubens_158.jpg,13
ArtemisArt/rubens - peter-paul-rubens_1577/rubens_18.jpg,1
ArtemisArt/rubens - peter-paul-rubens_1577/rubens_21.jpg,11
ArtemisArt/rubens - peter-paul-rubens_1577/rubens_25.jpg,10
ArtemisArt/rubens - peter-paul-rubens_1577/rubens_29.jpg,7
ArtemisArt/rubens - peter-paul-rubens_1577/rubens_32.jpg,5
ArtemisArt/rubens - peter-paul-rubens_1577/rubens_36.jpg,6
ArtemisArt/rubens - peter-paul-rubens_1577/rubens_4.jpg,11
ArtemisArt/rubens - peter-paul-rubens_1577/rubens_43.jpg,1
ArtemisArt/rubens - peter-paul-rubens_1577/rubens_47.jpg,8
ArtemisArt/rubens - peter-paul-rubens_1577/rubens_50.jpg,15
ArtemisArt/rubens - peter-paul-rubens_1577/rubens_54.jpg,7
ArtemisArt/rubens - peter-paul-rubens_1577/rubens_58.jpg,7
ArtemisArt/rubens - peter-paul-rubens_1577/rubens_61.jpg,0
ArtemisArt/rubens - peter-paul-rubens_1577/rubens_65.jpg,4
ArtemisArt/rubens - peter-paul-rubens_1577/rubens_69.jpg,5
ArtemisArt/rubens - peter-paul-rubens_1577/rubens_72.jpg,5
ArtemisArt/rubens - peter-paul-rubens_1577/rubens_76.jpg,11
ArtemisArt/rubens - peter-paul-rubens_1577/rubens_8.jpg,0
ArtemisArt/rubens - peter-paul-rubens_1577/rubens_83.jpg,4
ArtemisArt/rubens - peter-paul-rubens_1577/rubens_87.jpg,1
ArtemisArt/rubens - peter-paul-rubens_1577/rubens_90.jpg,15
ArtemisArt/rubens - peter-paul-rubens_1577/rubens_94.jpg,1
ArtemisArt/rubens - peter-paul-rubens_1577/rubens_98.jpg,11
ArtemisArt/ryckaert-III - david-III-ryckaert-dit-le-jeune_1612/ryckaert-III_11.jpg,14
ArtemisArt/ryckaert-III - david-III-ryckaert-dit-le-jeune_1612/ryckaert-III_4.jpg,3
ArtemisArt/ryckaert-III - david-III-ryckaert-dit-le-jeune_1612/ryckaert-III_8.jpg,6
ArtemisArt/saint-phalle - catherine-de-saint-phalle-dite-niki_1930/saint-phalle_11.jpg,6
ArtemisArt/saint-phalle - catherine-de-saint-phalle-dite-niki_1930/saint-phalle_15.jpg,5
ArtemisArt/saint-phalle - catherine-de-saint-phalle-dite-niki_1930/saint-phalle_19.jpg,3
ArtemisArt/saint-phalle - catherine-de-saint-phalle-dite-niki_1930/saint-phalle_22.jpg,13
ArtemisArt/saint-phalle - catherine-de-saint-phalle-dite-niki_1930/saint-phalle_26.jpg,8
ArtemisArt/saint-phalle - catherine-de-saint-phalle-dite-niki_1930/saint-phalle_6.jpg,3
ArtemisArt/salviati - francesco-de-rossi-dit-francesco-salviati_1510/salviati_1.jpg,0
ArtemisArt/salviati - francesco-de-rossi-dit-francesco-salviati_1510/salviati_4.jpg,0
ArtemisArt/salviati - francesco-de-rossi-dit-francesco-salviati_1510/salviati_8.jpg,4
ArtemisArt/samba - cheri-samba-wa-mbimba-n-zingo-nezumi-masi-ndo-mbasi_1956/samba_11.jpg,1
ArtemisArt/samba - cheri-samba-wa-mbimba-n-zingo-nezumi-masi-ndo-mbasi_1956/samba_15.jpg,0
ArtemisArt/samba - cheri-samba-wa-mbimba-n-zingo-nezumi-masi-ndo-mbasi_1956/samba_4.jpg,1
ArtemisArt/samba - cheri-samba-wa-mbimba-n-zingo-nezumi-masi-ndo-mbasi_1956/samba_8.jpg,7
ArtemisArt/santos - marigold-santos_1981/santos_11.jpg,5
ArtemisArt/santos - marigold-santos_1981/santos_15.jpg,5
ArtemisArt/santos - marigold-santos_1981/santos_4.jpg,3
ArtemisArt/santos - marigold-santos_1981/santos_8.jpg,3
ArtemisArt/sargent - john-singer-sargent_1856/sargent_11.jpg,8
ArtemisArt/sargent - john-singer-sargent_1856/sargent_15.jpg,15
ArtemisArt/sargent - john-singer-sargent_1856/sargent_19.jpg,6
ArtemisArt/sargent - john-singer-sargent_1856/sargent_22.jpg,0
ArtemisArt/sargent - john-singer-sargent_1856/sargent_26.jpg,12
ArtemisArt/sargent - john-singer-sargent_1856/sargent_3.jpg,10
ArtemisArt/sargent - john-singer-sargent_1856/sargent_33.jpg,11
ArtemisArt/sargent - john-singer-sargent_1856/sargent_37.jpg,12
ArtemisArt/sargent - john-singer-sargent_1856/sargent_40.jpg,12
ArtemisArt/sargent - john-singer-sargent_1856/sargent_44.jpg,10
ArtemisArt/sargent - john-singer-sargent_1856/sargent_48.jpg,11
ArtemisArt/sargent - john-singer-sargent_1856/sargent_51.jpg,14
ArtemisArt/sargent - john-singer-sargent_1856/sargent_55.jpg,8
ArtemisArt/sargent - john-singer-sargent_1856/sargent_59.jpg,9
ArtemisArt/sargent - john-singer-sargent_1856/sargent_62.jpg,14
ArtemisArt/sargent - john-singer-sargent_1856/sargent_66.jpg,8
ArtemisArt/sargent - john-singer-sargent_1856/sargent_7.jpg,3
ArtemisArt/sargent - john-singer-sargent_1856/sargent_73.jpg,13
ArtemisArt/sargent - john-singer-sargent_1856/sargent_77.jpg,1
ArtemisArt/scheffer - ary-scheffer_1795/scheffer_1.jpg,6
ArtemisArt/scheffer - ary-scheffer_1795/scheffer_13.jpg,7
ArtemisArt/scheffer - ary-scheffer_1795/scheffer_17.jpg,11
ArtemisArt/scheffer - ary-scheffer_1795/scheffer_20.jpg,12
ArtemisArt/scheffer - ary-scheffer_1795/scheffer_24.jpg,7
ArtemisArt/scheffer - ary-scheffer_1795/scheffer_28.jpg,4
ArtemisArt/scheffer - ary-scheffer_1795/scheffer_31.jpg,4
ArtemisArt/scheffer - ary-scheffer_1795/scheffer_35.jpg,9
ArtemisArt/scheffer - ary-scheffer_1795/scheffer_39.jpg,3
ArtemisArt/scheffer - ary-scheffer_1795/scheffer_42.jpg,2
ArtemisArt/scheffer - ary-scheffer_1795/scheffer_8.jpg,0
ArtemisArt/schlatter - carlo-adolfo-schlatter_1873/schlatter_11.jpg,4
ArtemisArt/schlatter - carlo-adolfo-schlatter_1873/schlatter_15.jpg,0
ArtemisArt/schlatter - carlo-adolfo-schlatter_1873/schlatter_19.jpg,12
ArtemisArt/schlatter - carlo-adolfo-schlatter_1873/schlatter_22.jpg,14
ArtemisArt/schlatter - carlo-adolfo-schlatter_1873/schlatter_6.jpg,9
ArtemisArt/schonberg - arnold-schonberg_1874/schonberg_1.jpg,2
ArtemisArt/schonberg - arnold-schonberg_1874/schonberg_13.jpg,0
ArtemisArt/schonberg - arnold-schonberg_1874/schonberg_17.jpg,2
ArtemisArt/schonberg - arnold-schonberg_1874/schonberg_20.jpg,1
ArtemisArt/schonberg - arnold-schonberg_1874/schonberg_24.jpg,6
ArtemisArt/schonberg - arnold-schonberg_1874/schonberg_6.jpg,11
ArtemisArt/serov - valentin-serov_1865/serov_1.jpg,13
ArtemisArt/serov - valentin-serov_1865/serov_5.jpg,4
ArtemisArt/serusier - paul-serusier_1864/serusier_1.jpg,9
ArtemisArt/serusier - paul-serusier_1864/serusier_13.jpg,6
ArtemisArt/serusier - paul-serusier_1864/serusier_17.jpg,6
ArtemisArt/serusier - paul-serusier_1864/serusier_20.jpg,11
ArtemisArt/serusier - paul-serusier_1864/serusier_24.jpg,3
ArtemisArt/serusier - paul-serusier_1864/serusier_28.jpg,10
ArtemisArt/serusier - paul-serusier_1864/serusier_31.jpg,14
ArtemisArt/serusier - paul-serusier_1864/serusier_35.jpg,7
ArtemisArt/serusier - paul-serusier_1864/serusier_7.jpg,9
ArtemisArt/seurat - georges-seurat_1859/seurat_10.jpg,11
ArtemisArt/seurat - georges-seurat_1859/seurat_14.jpg,8
ArtemisArt/seurat - georges-seurat_1859/seurat_18.jpg,7
ArtemisArt/seurat - georges-seurat_1859/seurat_21.jpg,2
ArtemisArt/seurat - georges-seurat_1859/seurat_25.jpg,10
ArtemisArt/seurat - georges-seurat_1859/seurat_29.jpg,2
ArtemisArt/seurat - georges-seurat_1859/seurat_32.jpg,1
ArtemisArt/seurat - georges-seurat_1859/seurat_36.jpg,8
ArtemisArt/seurat - georges-seurat_1859/seurat_5.jpg,4
ArtemisArt/seurat - georges-seurat_1859/seurat_9.jpg,4
ArtemisArt/shangti - philippe-shangti_1983/shangti_12.jpg,6
ArtemisArt/shangti - philippe-shangti_1983/shangti_5.jpg,8
ArtemisArt/shangti - philippe-shangti_1983/shangti_9.jpg,9
ArtemisArt/sickert - walter-sickert_1860/sickert_12.jpg,0
ArtemisArt/sickert - walter-sickert_1860/sickert_16.jpg,6
ArtemisArt/sickert - walter-sickert_1860/sickert_2.jpg,11
ArtemisArt/sickert - walter-sickert_1860/sickert_23.jpg,7
ArtemisArt/sickert - walter-sickert_1860/sickert_27.jpg,0
ArtemisArt/sickert - walter-sickert_1860/sickert_30.jpg,10
ArtemisArt/sickert - walter-sickert_1860/sickert_34.jpg,4
ArtemisArt/sickert - walter-sickert_1860/sickert_38.jpg,3
ArtemisArt/sickert - walter-sickert_1860/sickert_41.jpg,2
ArtemisArt/sickert - walter-sickert_1860/sickert_45.jpg,6
ArtemisArt/sickert - walter-sickert_1860/sickert_7.jpg,9
ArtemisArt/signac - paul-signac_1863/signac_10.jpg,9
ArtemisArt/signac - paul-signac_1863/signac_14.jpg,10
ArtemisArt/signac - paul-signac_1863/signac_18.jpg,14
ArtemisArt/signac - paul-signac_1863/signac_21.jpg,7
ArtemisArt/signac - paul-signac_1863/signac_25.jpg,8
ArtemisArt/signac - paul-signac_1863/signac_29.jpg,9
ArtemisArt/signac - paul-signac_1863/signac_32.jpg,15
ArtemisArt/signac - paul-signac_1863/signac_36.jpg,10
ArtemisArt/signac - paul-signac_1863/signac_4.jpg,11
ArtemisArt/signac - paul-signac_1863/signac_43.jpg,13
ArtemisArt/signac - paul-signac_1863/signac_6.jpg,13
ArtemisArt/signorelli - luca-d-egidio-di-ventura-dit-signorelli_1450/signorelli_1.jpg,13
ArtemisArt/signorelli - luca-d-egidio-di-ventura-dit-signorelli_1450/signorelli_13.jpg,12
ArtemisArt/signorelli - luca-d-egidio-di-ventura-dit-signorelli_1450/signorelli_3.jpg,10
ArtemisArt/signorelli - luca-d-egidio-di-ventura-dit-signorelli_1450/signorelli_7.jpg,11
ArtemisArt/simon - victor-simon_1903/simon_10.jpg,1
ArtemisArt/simon - victor-simon_1903/simon_14.jpg,15
ArtemisArt/simon - victor-simon_1903/simon_4.jpg,10
ArtemisArt/simon - victor-simon_1903/simon_8.jpg,2
ArtemisArt/sisley - alfred-sisley_1839/sisley_11.jpg,15
ArtemisArt/sisley - alfred-sisley_1839/sisley_15.jpg,7
ArtemisArt/sisley - alfred-sisley_1839/sisley_19.jpg,3
ArtemisArt/sisley - alfred-sisley_1839/sisley_22.jpg,4
ArtemisArt/sisley - alfred-sisley_1839/sisley_26.jpg,9
ArtemisArt/sisley - alfred-sisley_1839/sisley_3.jpg,7
ArtemisArt/sisley - alfred-sisley_1839/sisley_33.jpg,15
ArtemisArt/sisley - alfred-sisley_1839/sisley_37.jpg,9
ArtemisArt/sisley - alfred-sisley_1839/sisley_40.jpg,0
ArtemisArt/sisley - alfred-sisley_1839/sisley_44.jpg,3
ArtemisArt/sisley - alfred-sisley_1839/sisley_48.jpg,13
ArtemisArt/sisley - alfred-sisley_1839/sisley_51.jpg,14
ArtemisArt/sisley - alfred-sisley_1839/sisley_55.jpg,14
ArtemisArt/sisley - alfred-sisley_1839/sisley_59.jpg,10
ArtemisArt/sisley - alfred-sisley_1839/sisley_9.jpg,13
ArtemisArt/snyders - frans-snyders_1579/snyders_4.jpg,8
ArtemisArt/snyders - frans-snyders_1579/snyders_8.jpg,0
ArtemisArt/soeur-plautilla - polissena-de-nelli-dite-suor-plautilla_1524/soeur-plautilla_3.jpg,1
ArtemisArt/soeur-plautilla - polissena-de-nelli-dite-suor-plautilla_1524/soeur-plautilla_7.jpg,3
ArtemisArt/sogliani - giovanni-antonio-sogliani-ou-giovannantino-di-francesco-sogliani_1492/sogliani_10.jpg,11
ArtemisArt/sogliani - giovanni-antonio-sogliani-ou-giovannantino-di-francesco-sogliani_1492/sogliani_2.jpg,12
ArtemisArt/sogliani - giovanni-antonio-sogliani-ou-giovannantino-di-francesco-sogliani_1492/sogliani_6.jpg,0
ArtemisArt/sorolla - joaquin-sorolla_1863/sorolla_1.jpg,7
ArtemisArt/sorolla - joaquin-sorolla_1863/sorolla_13.jpg,13
ArtemisArt/sorolla - joaquin-sorolla_1863/sorolla_17.jpg,2
ArtemisArt/sorolla - joaquin-sorolla_1863/sorolla_20.jpg,0
ArtemisArt/sorolla - joaquin-sorolla_1863/sorolla_24.jpg,2
ArtemisArt/sorolla - joaquin-sorolla_1863/sorolla_28.jpg,6
ArtemisArt/sorolla - joaquin-sorolla_1863/sorolla_4.jpg,9
ArtemisArt/sorolla - joaquin-sorolla_1863/sorolla_8.jpg,3
ArtemisArt/soulages - pierre-soulages_1919/soulages_11.jpg,0
ArtemisArt/soulages - pierre-soulages_1919/soulages_15.jpg,13
ArtemisArt/soulages - pierre-soulages_1919/soulages_19.jpg,5
ArtemisArt/soulages - pierre-soulages_1919/soulages_22.jpg,12
ArtemisArt/soulages - pierre-soulages_1919/soulages_26.jpg,5
ArtemisArt/soulages - pierre-soulages_1919/soulages_3.jpg,13
ArtemisArt/soulages - pierre-soulages_1919/soulages_33.jpg,9
ArtemisArt/soulages - pierre-soulages_1919/soulages_37.jpg,10
ArtemisArt/soulages - pierre-soulages_1919/soulages_40.jpg,7
ArtemisArt/soulages - pierre-soulages_1919/soulages_44.jpg,11
ArtemisArt/soulages - pierre-soulages_1919/soulages_48.jpg,15
ArtemisArt/soulages - pierre-soulages_1919/soulages_6.jpg,4
ArtemisArt/soutine - chaim-soutine_1893/soutine_1.jpg,10
ArtemisArt/soutine - chaim-soutine_1893/soutine_13.jpg,1
ArtemisArt/soutine - chaim-soutine_1893/soutine_17.jpg,9
ArtemisArt/soutine - chaim-soutine_1893/soutine_20.jpg,13
ArtemisArt/soutine - chaim-soutine_1893/soutine_24.jpg,4
ArtemisArt/soutine - chaim-soutine_1893/soutine_28.jpg,10
ArtemisArt/soutine - chaim-soutine_1893/soutine_31.jpg,4
ArtemisArt/soutine - chaim-soutine_1893/soutine_35.jpg,4
ArtemisArt/soutine - chaim-soutine_1893/soutine_39.jpg,6
ArtemisArt/soutine - chaim-soutine_1893/soutine_42.jpg,8
ArtemisArt/soutine - chaim-soutine_1893/soutine_5.jpg,6
ArtemisArt/soutine - chaim-soutine_1893/soutine_9.jpg,4
ArtemisArt/stella - jacques-stella_1596/stella_12.jpg,1
ArtemisArt/stella - jacques-stella_1596/stella_2.jpg,10
ArtemisArt/stella - jacques-stella_1596/stella_6.jpg,6
ArtemisArt/stubbs - george-stubbs_1724/stubbs_1.jpg,12
ArtemisArt/stubbs - george-stubbs_1724/stubbs_2.jpg,3
ArtemisArt/stubbs - george-stubbs_1724/stubbs_6.jpg,15
ArtemisArt/sustermans - justus-sustermans_1597/sustermans_1.jpg,9
ArtemisArt/sustermans - justus-sustermans_1597/sustermans_2.jpg,0
ArtemisArt/sustermans - justus-sustermans_1597/sustermans_6.jpg,10
ArtemisArt/szafran - samuel-berger-dit-sam-szafran_1934/szafran_1.jpg,8
ArtemisArt/szafran - samuel-berger-dit-sam-szafran_1934/szafran_13.jpg,13
ArtemisArt/szafran - samuel-berger-dit-sam-szafran_1934/szafran_17.jpg,1
ArtemisArt/szafran - samuel-berger-dit-sam-szafran_1934/szafran_20.jpg,8
ArtemisArt/szafran - samuel-berger-dit-sam-szafran_1934/szafran_24.jpg,4
ArtemisArt/szafran - samuel-berger-dit-sam-szafran_1934/szafran_28.jpg,3
ArtemisArt/szafran - samuel-berger-dit-sam-szafran_1934/szafran_31.jpg,4
ArtemisArt/szafran - samuel-berger-dit-sam-szafran_1934/szafran_35.jpg,15
ArtemisArt/szafran - samuel-berger-dit-sam-szafran_1934/szafran_39.jpg,11
ArtemisArt/szafran - samuel-berger-dit-sam-szafran_1934/szafran_42.jpg,10
ArtemisArt/szafran - samuel-berger-dit-sam-szafran_1934/szafran_8.jpg,1
ArtemisArt/taeuber-arp - sophie-taeuber-arp_1889/taeuber-arp_11.jpg,-1
ArtemisArt/taeuber-arp - sophie-taeuber-arp_1889/taeuber-arp_4.jpg,4
ArtemisArt/taeuber-arp - sophie-taeuber-arp_1889/taeuber-arp_8.jpg,15
ArtemisArt/tanguy - yves-tanguy_1951/tanguy_11.jpg,12
ArtemisArt/tanguy - yves-tanguy_1951/tanguy_15.jpg,7
ArtemisArt/tanguy - yves-tanguy_1951/tanguy_2.jpg,9
ArtemisArt/tanguy - yves-tanguy_1951/tanguy_6.jpg,11
ArtemisArt/tanning - dorothea-tanning_1910/tanning_1.jpg,12
ArtemisArt/tanning - dorothea-tanning_1910/tanning_5.jpg,4
ArtemisArt/tanning - dorothea-tanning_1910/tanning_9.jpg,3
ArtemisArt/tchelitchew - pavel-tchelitchew_1898/tchelitchew_12.jpg,10
ArtemisArt/tchelitchew - pavel-tchelitchew_1898/tchelitchew_16.jpg,0
ArtemisArt/tchelitchew - pavel-tchelitchew_1898/tchelitchew_2.jpg,4
ArtemisArt/tchelitchew - pavel-tchelitchew_1898/tchelitchew_6.jpg,7
ArtemisArt/teniers-d - david-teniers-le-jeune_1610/teniers-d_1.jpg,9
ArtemisArt/teniers-d - david-teniers-le-jeune_1610/teniers-d_13.jpg,5
ArtemisArt/teniers-d - david-teniers-le-jeune_1610/teniers-d_17.jpg,1
ArtemisArt/teniers-d - david-teniers-le-jeune_1610/teniers-d_20.jpg,0
ArtemisArt/teniers-d - david-teniers-le-jeune_1610/teniers-d_24.jpg,13
ArtemisArt/teniers-d - david-teniers-le-jeune_1610/teniers-d_28.jpg,15
ArtemisArt/teniers-d - david-teniers-le-jeune_1610/teniers-d_31.jpg,11
ArtemisArt/teniers-d - david-teniers-le-jeune_1610/teniers-d_35.jpg,14
ArtemisArt/teniers-d - david-teniers-le-jeune_1610/teniers-d_39.jpg,4
ArtemisArt/teniers-d - david-teniers-le-jeune_1610/teniers-d_42.jpg,8
ArtemisArt/teniers-d - david-teniers-le-jeune_1610/teniers-d_46.jpg,1
ArtemisArt/teniers-d - david-teniers-le-jeune_1610/teniers-d_5.jpg,1
ArtemisArt/teniers-d - david-teniers-le-jeune_1610/teniers-d_53.jpg,11
ArtemisArt/teniers-d - david-teniers-le-jeune_1610/teniers-d_9.jpg,13
ArtemisArt/themerson - franciska-themerson_1907/themerson_4.jpg,1
ArtemisArt/tiepolo-gb -  giovanni-battista-dit-giambattista-tiepolo_1696/tiepolo-gb_1.jpg,5
ArtemisArt/tiepolo-gb -  giovanni-battista-dit-giambattista-tiepolo_1696/tiepolo-gb_13.jpg,15
ArtemisArt/tiepolo-gb -  giovanni-battista-dit-giambattista-tiepolo_1696/tiepolo-gb_17.jpg,0
ArtemisArt/tiepolo-gb -  giovanni-battista-dit-giambattista-tiepolo_1696/tiepolo-gb_20.jpg,1
ArtemisArt/tiepolo-gb -  giovanni-battista-dit-giambattista-tiepolo_1696/tiepolo-gb_24.jpg,0
ArtemisArt/tiepolo-gb -  giovanni-battista-dit-giambattista-tiepolo_1696/tiepolo-gb_3.jpg,14
ArtemisArt/tiepolo-gb -  giovanni-battista-dit-giambattista-tiepolo_1696/tiepolo-gb_7.jpg,0
ArtemisArt/tiepolo-gd - giandomenico-tiepolo_1727/tiepolo-gd_2.jpg,14
ArtemisArt/tiepolo-gd - giandomenico-tiepolo_1727/tiepolo-gd_6.jpg,8
ArtemisArt/tintoret - domenico-robusti-dit-le-tintoret_1568/tintoret-d-59.jpg,13
ArtemisArt/tintoret - domenico-robusti-dit-le-tintoret_1568/tintoret-d_12.jpg,0
ArtemisArt/tintoret - domenico-robusti-dit-le-tintoret_1568/tintoret-d_16.jpg,13
ArtemisArt/tintoret - domenico-robusti-dit-le-tintoret_1568/tintoret-d_2.jpg,6
ArtemisArt/tintoret - domenico-robusti-dit-le-tintoret_1568/tintoret-d_23.jpg,14
ArtemisArt/tintoret - domenico-robusti-dit-le-tintoret_1568/tintoret-d_27.jpg,2
ArtemisArt/tintoret - domenico-robusti-dit-le-tintoret_1568/tintoret-d_30.jpg,11
ArtemisArt/tintoret - domenico-robusti-dit-le-tintoret_1568/tintoret-d_34.jpg,0
ArtemisArt/tintoret - domenico-robusti-dit-le-tintoret_1568/tintoret-d_38.jpg,6
ArtemisArt/tintoret - domenico-robusti-dit-le-tintoret_1568/tintoret-d_41.jpg,1
ArtemisArt/tintoret - domenico-robusti-dit-le-tintoret_1568/tintoret-d_45.jpg,12
ArtemisArt/tintoret - domenico-robusti-dit-le-tintoret_1568/tintoret-d_49.jpg,11
ArtemisArt/tintoret - domenico-robusti-dit-le-tintoret_1568/tintoret-d_52.jpg,3
ArtemisArt/tintoret - domenico-robusti-dit-le-tintoret_1568/tintoret-d_56.jpg,14
ArtemisArt/tintoret - domenico-robusti-dit-le-tintoret_1568/tintoret-d_60.jpg,12
ArtemisArt/tissot - james-tissot_1836/tissot_1.jpg,4
ArtemisArt/tissot - james-tissot_1836/tissot_13.jpg,4
ArtemisArt/tissot - james-tissot_1836/tissot_17.jpg,9
ArtemisArt/tissot - james-tissot_1836/tissot_20.jpg,15
ArtemisArt/tissot - james-tissot_1836/tissot_24.jpg,13
ArtemisArt/tissot - james-tissot_1836/tissot_28.jpg,12
ArtemisArt/tissot - james-tissot_1836/tissot_31.jpg,6
ArtemisArt/tissot - james-tissot_1836/tissot_35.jpg,12
ArtemisArt/tissot - james-tissot_1836/tissot_39.jpg,6
ArtemisArt/tissot - james-tissot_1836/tissot_42.jpg,10
ArtemisArt/tissot - james-tissot_1836/tissot_8.jpg,3
ArtemisArt/titien - tiziano-vecellio_1488/titien_11.jpg,4
ArtemisArt/titien - tiziano-vecellio_1488/titien_15.jpg,8
ArtemisArt/titien - tiziano-vecellio_1488/titien_19.jpg,15
ArtemisArt/titien - tiziano-vecellio_1488/titien_22.jpg,5
ArtemisArt/titien - tiziano-vecellio_1488/titien_26.jpg,10
ArtemisArt/titien - tiziano-vecellio_1488/titien_3.jpg,7
ArtemisArt/titien - tiziano-vecellio_1488/titien_33.jpg,11
ArtemisArt/titien - tiziano-vecellio_1488/titien_37.jpg,0
ArtemisArt/titien - tiziano-vecellio_1488/titien_40.jpg,9
ArtemisArt/titien - tiziano-vecellio_1488/titien_44.jpg,2
ArtemisArt/titien - tiziano-vecellio_1488/titien_48.jpg,7
ArtemisArt/titien - tiziano-vecellio_1488/titien_51.jpg,6
ArtemisArt/titien - tiziano-vecellio_1488/titien_55.jpg,14
ArtemisArt/titien - tiziano-vecellio_1488/titien_59.jpg,11
ArtemisArt/titien - tiziano-vecellio_1488/titien_62.jpg,5
ArtemisArt/titien - tiziano-vecellio_1488/titien_66.jpg,2
ArtemisArt/titien - tiziano-vecellio_1488/titien_7.jpg,8
ArtemisArt/titien - tiziano-vecellio_1488/titien_73.jpg,5
ArtemisArt/titien - tiziano-vecellio_1488/titien_77.jpg,5
ArtemisArt/titien - tiziano-vecellio_1488/titien_80.jpg,9
ArtemisArt/titien - tiziano-vecellio_1488/titien_84.jpg,3
ArtemisArt/toguo - barthelemy-toguo_1967/toguo_10.jpg,0
ArtemisArt/toguo - barthelemy-toguo_1967/toguo_14.jpg,11
ArtemisArt/toguo - barthelemy-toguo_1967/toguo_18.jpg,2
ArtemisArt/toguo - barthelemy-toguo_1967/toguo_5.jpg,4
ArtemisArt/toguo - barthelemy-toguo_1967/toguo_9.jpg,0
ArtemisArt/toulouse-lautrec - henri-de-toulouse-lautrec_1864/toulouse-lautrec_12.jpg,1
ArtemisArt/toulouse-lautrec - henri-de-toulouse-lautrec_1864/toulouse-lautrec_16.jpg,11
ArtemisArt/toulouse-lautrec - henri-de-toulouse-lautrec_1864/toulouse-lautrec_2.jpg,6
ArtemisArt/toulouse-lautrec - henri-de-toulouse-lautrec_1864/toulouse-lautrec_23.jpg,5
ArtemisArt/toulouse-lautrec - henri-de-toulouse-lautrec_1864/toulouse-lautrec_27.jpg,7
ArtemisArt/toulouse-lautrec - henri-de-toulouse-lautrec_1864/toulouse-lautrec_30.jpg,2
ArtemisArt/toulouse-lautrec - henri-de-toulouse-lautrec_1864/toulouse-lautrec_34.jpg,11
ArtemisArt/toulouse-lautrec - henri-de-toulouse-lautrec_1864/toulouse-lautrec_38.jpg,0
ArtemisArt/toulouse-lautrec - henri-de-toulouse-lautrec_1864/toulouse-lautrec_41.jpg,11
ArtemisArt/toulouse-lautrec - henri-de-toulouse-lautrec_1864/toulouse-lautrec_45.jpg,11
ArtemisArt/toulouse-lautrec - henri-de-toulouse-lautrec_1864/toulouse-lautrec_49.jpg,3
ArtemisArt/toulouse-lautrec - henri-de-toulouse-lautrec_1864/toulouse-lautrec_52.jpg,10
ArtemisArt/toulouse-lautrec - henri-de-toulouse-lautrec_1864/toulouse-lautrec_56.jpg,7
ArtemisArt/toulouse-lautrec - henri-de-toulouse-lautrec_1864/toulouse-lautrec_6.jpg,6
ArtemisArt/toulouse-lautrec - henri-de-toulouse-lautrec_1864/toulouse-lautrec_63.jpg,4
ArtemisArt/toulouse-lautrec - henri-de-toulouse-lautrec_1864/toulouse-lautrec_8.jpg,11
ArtemisArt/toyen - maria-cerminova-dite-toyen_1902/toyen_11.jpg,15
ArtemisArt/toyen - maria-cerminova-dite-toyen_1902/toyen_15.jpg,2
ArtemisArt/toyen - maria-cerminova-dite-toyen_1902/toyen_19.jpg,1
ArtemisArt/toyen - maria-cerminova-dite-toyen_1902/toyen_22.jpg,6
ArtemisArt/toyen - maria-cerminova-dite-toyen_1902/toyen_26.jpg,14
ArtemisArt/toyen - maria-cerminova-dite-toyen_1902/toyen_3.jpg,3
ArtemisArt/toyen - maria-cerminova-dite-toyen_1902/toyen_33.jpg,9
ArtemisArt/toyen - maria-cerminova-dite-toyen_1902/toyen_5.jpg,14
ArtemisArt/toyen - maria-cerminova-dite-toyen_1902/toyen_9.jpg,10
ArtemisArt/toyokuni - utagawa-toyokuni-I_1768/toyokuni_3.jpg,8
ArtemisArt/toyokuni - utagawa-toyokuni-I_1768/toyokuni_7.jpg,7
ArtemisArt/troy-f - francois-de-troy_1645/troy-f_10.jpg,14
ArtemisArt/troy-f - francois-de-troy_1645/troy-f_14.jpg,4
ArtemisArt/troy-f - francois-de-troy_1645/troy-f_18.jpg,7
ArtemisArt/troy-f - francois-de-troy_1645/troy-f_5.jpg,4
ArtemisArt/troy-f - francois-de-troy_1645/troy-f_9.jpg,15
ArtemisArt/troy-jf - jean-francois-de-troy_1679/troy-jf_12.jpg,2
ArtemisArt/troy-jf - jean-francois-de-troy_1679/troy-jf_16.jpg,13
ArtemisArt/troy-jf - jean-francois-de-troy_1679/troy-jf_3.jpg,14
ArtemisArt/troy-jf - jean-francois-de-troy_1679/troy-jf_7.jpg,14
ArtemisArt/troyon - constant-troyon_1810/troyon_10.jpg,9
ArtemisArt/troyon - constant-troyon_1810/troyon_4.jpg,0
ArtemisArt/troyon - constant-troyon_1810/troyon_8.jpg,6
ArtemisArt/turner - william-turner_1775/turner_100.jpg,14
ArtemisArt/turner - william-turner_1775/turner_104.jpg,5
ArtemisArt/turner - william-turner_1775/turner_108.jpg,10
ArtemisArt/turner - william-turner_1775/turner_12.jpg,6
ArtemisArt/turner - william-turner_1775/turner_16.jpg,7
ArtemisArt/turner - william-turner_1775/turner_2.jpg,0
ArtemisArt/turner - william-turner_1775/turner_23.jpg,0
ArtemisArt/turner - william-turner_1775/turner_27.jpg,4
ArtemisArt/turner - william-turner_1775/turner_30.jpg,4
ArtemisArt/turner - william-turner_1775/turner_34.jpg,5
ArtemisArt/turner - william-turner_1775/turner_38.jpg,10
ArtemisArt/turner - william-turner_1775/turner_41.jpg,14
ArtemisArt/turner - william-turner_1775/turner_45.jpg,2
ArtemisArt/turner - william-turner_1775/turner_49.jpg,0
ArtemisArt/turner - william-turner_1775/turner_52.jpg,12
ArtemisArt/turner - william-turner_1775/turner_56.jpg,1
ArtemisArt/turner - william-turner_1775/turner_6.jpg,10
ArtemisArt/turner - william-turner_1775/turner_63.jpg,8
ArtemisArt/turner - william-turner_1775/turner_67.jpg,0
ArtemisArt/turner - william-turner_1775/turner_70.jpg,8
ArtemisArt/turner - william-turner_1775/turner_74.jpg,4
ArtemisArt/turner - william-turner_1775/turner_78.jpg,7
ArtemisArt/turner - william-turner_1775/turner_81.jpg,11
ArtemisArt/turner - william-turner_1775/turner_85.jpg,7
ArtemisArt/turner - william-turner_1775/turner_89.jpg,0
ArtemisArt/turner - william-turner_1775/turner_92.jpg,0
ArtemisArt/turner - william-turner_1775/turner_96.jpg,11
ArtemisArt/twombly - cy-twombly_1928/twombly_1.jpg,3
ArtemisArt/twombly - cy-twombly_1928/twombly_3.jpg,1
ArtemisArt/twombly - cy-twombly_1928/twombly_7.jpg,13
ArtemisArt/ucello - paolo-di-dono-di-paolo-dit-ucello_1397/ucello_10.jpg,0
ArtemisArt/ucello - paolo-di-dono-di-paolo-dit-ucello_1397/ucello_14.jpg,10
ArtemisArt/ucello - paolo-di-dono-di-paolo-dit-ucello_1397/ucello_5.jpg,2
ArtemisArt/ucello - paolo-di-dono-di-paolo-dit-ucello_1397/ucello_9.jpg,10
ArtemisArt/utrillo - maurice-utrillo_1883/utrillo_12.jpg,2
ArtemisArt/utrillo - maurice-utrillo_1883/utrillo_16.jpg,14
ArtemisArt/utrillo - maurice-utrillo_1883/utrillo_2.jpg,0
ArtemisArt/utrillo - maurice-utrillo_1883/utrillo_3.jpg,4
ArtemisArt/utrillo - maurice-utrillo_1883/utrillo_7.jpg,6
ArtemisArt/valadon - suzanne-valadon_1865/valadon_10.jpg,1
ArtemisArt/valadon - suzanne-valadon_1865/valadon_103.jpg,4
ArtemisArt/valadon - suzanne-valadon_1865/valadon_13.jpg,2
ArtemisArt/valadon - suzanne-valadon_1865/valadon_17.jpg,14
ArtemisArt/valadon - suzanne-valadon_1865/valadon_20.jpg,0
ArtemisArt/valadon - suzanne-valadon_1865/valadon_24.jpg,7
ArtemisArt/valadon - suzanne-valadon_1865/valadon_28.jpg,14
ArtemisArt/valadon - suzanne-valadon_1865/valadon_31.jpg,7
ArtemisArt/valadon - suzanne-valadon_1865/valadon_35.jpg,9
ArtemisArt/valadon - suzanne-valadon_1865/valadon_39.jpg,8
ArtemisArt/valadon - suzanne-valadon_1865/valadon_42.jpg,8
ArtemisArt/valadon - suzanne-valadon_1865/valadon_46.jpg,8
ArtemisArt/valadon - suzanne-valadon_1865/valadon_5.jpg,15
ArtemisArt/valadon - suzanne-valadon_1865/valadon_53.jpg,7
ArtemisArt/valadon - suzanne-valadon_1865/valadon_57.jpg,3
ArtemisArt/valadon - suzanne-valadon_1865/valadon_60.jpg,12
ArtemisArt/valadon - suzanne-valadon_1865/valadon_64.jpg,2
ArtemisArt/valadon - suzanne-valadon_1865/valadon_68.jpg,8
ArtemisArt/valadon - suzanne-valadon_1865/valadon_71.jpg,15
ArtemisArt/valadon - suzanne-valadon_1865/valadon_75.jpg,5
ArtemisArt/valadon - suzanne-valadon_1865/valadon_79.jpg,11
ArtemisArt/valadon - suzanne-valadon_1865/valadon_82.jpg,6
ArtemisArt/valadon - suzanne-valadon_1865/valadon_86.jpg,14
ArtemisArt/valadon - suzanne-valadon_1865/valadon_9.jpg,7
ArtemisArt/valadon - suzanne-valadon_1865/valadon_93.jpg,7
ArtemisArt/valadon - suzanne-valadon_1865/valadon_97.jpg,4
ArtemisArt/valenciennes - pierre-henri-de-valenciennes_1750/valenciennes_10.jpg,4
ArtemisArt/valenciennes - pierre-henri-de-valenciennes_1750/valenciennes_14.jpg,6
ArtemisArt/valenciennes - pierre-henri-de-valenciennes_1750/valenciennes_18.jpg,10
ArtemisArt/valenciennes - pierre-henri-de-valenciennes_1750/valenciennes_21.jpg,13
ArtemisArt/valenciennes - pierre-henri-de-valenciennes_1750/valenciennes_5.jpg,13
ArtemisArt/valenciennes - pierre-henri-de-valenciennes_1750/valenciennes_9.jpg,4
ArtemisArt/vallotton - felix-vallotton_1865/vallotton_12.jpg,2
ArtemisArt/vallotton - felix-vallotton_1865/vallotton_16.jpg,6
ArtemisArt/vallotton - felix-vallotton_1865/vallotton_2.jpg,3
ArtemisArt/vallotton - felix-vallotton_1865/vallotton_23.jpg,1
ArtemisArt/vallotton - felix-vallotton_1865/vallotton_27.jpg,9
ArtemisArt/vallotton - felix-vallotton_1865/vallotton_30.jpg,4
ArtemisArt/vallotton - felix-vallotton_1865/vallotton_4.jpg,0
ArtemisArt/vallotton - felix-vallotton_1865/vallotton_8.jpg,9
ArtemisArt/van-cleve - joos-van-cleve_1485/van-cleve_11.jpg,12
ArtemisArt/van-cleve - joos-van-cleve_1485/van-cleve_15.jpg,3
ArtemisArt/van-cleve - joos-van-cleve_1485/van-cleve_19.jpg,0
ArtemisArt/van-cleve - joos-van-cleve_1485/van-cleve_4.jpg,10
ArtemisArt/van-cleve - joos-van-cleve_1485/van-cleve_8.jpg,4
ArtemisArt/van-de-velde - adriaen-van-de-velde_1636/van-de-velde_11.jpg,12
ArtemisArt/van-de-velde - adriaen-van-de-velde_1636/van-de-velde_5.jpg,11
ArtemisArt/van-de-velde - adriaen-van-de-velde_1636/van-de-velde_9.jpg,12
ArtemisArt/van-der-heyden - jan-van-der-heyden_1637/van-der-heyden_2.jpg,0
ArtemisArt/van-der-heyden - jan-van-der-heyden_1637/van-der-heyden_6.jpg,11
ArtemisArt/van-der-weyden - rogier-van-der-weyden_1400/van-der-weyden_1.jpg,9
ArtemisArt/van-der-weyden - rogier-van-der-weyden_1400/van-der-weyden_13.jpg,4
ArtemisArt/van-der-weyden - rogier-van-der-weyden_1400/van-der-weyden_17.jpg,11
ArtemisArt/van-der-weyden - rogier-van-der-weyden_1400/van-der-weyden_20.jpg,10
ArtemisArt/van-der-weyden - rogier-van-der-weyden_1400/van-der-weyden_24.jpg,5
ArtemisArt/van-der-weyden - rogier-van-der-weyden_1400/van-der-weyden_28.jpg,1
ArtemisArt/van-der-weyden - rogier-van-der-weyden_1400/van-der-weyden_6.jpg,6
ArtemisArt/van-dongen - kees-van-dongen_1977/van-dongen_1.jpg,7
ArtemisArt/van-dongen - kees-van-dongen_1977/van-dongen_13.jpg,8
ArtemisArt/van-dongen - kees-van-dongen_1977/van-dongen_17.jpg,14
ArtemisArt/van-dongen - kees-van-dongen_1977/van-dongen_5.jpg,9
ArtemisArt/van-dongen - kees-van-dongen_1977/van-dongen_9.jpg,5
ArtemisArt/van-dyck - antoon-van-dyck_1599/van-dyck_12.jpg,12
ArtemisArt/van-dyck - antoon-van-dyck_1599/van-dyck_16.jpg,13
ArtemisArt/van-dyck - antoon-van-dyck_1599/van-dyck_2.jpg,14
ArtemisArt/van-dyck - antoon-van-dyck_1599/van-dyck_23.jpg,10
ArtemisArt/van-dyck - antoon-van-dyck_1599/van-dyck_27.jpg,12
ArtemisArt/van-dyck - antoon-van-dyck_1599/van-dyck_30.jpg,7
ArtemisArt/van-dyck - antoon-van-dyck_1599/van-dyck_34.jpg,13
ArtemisArt/van-dyck - antoon-van-dyck_1599/van-dyck_38.jpg,2
ArtemisArt/van-dyck - antoon-van-dyck_1599/van-dyck_41.jpg,6
ArtemisArt/van-dyck - antoon-van-dyck_1599/van-dyck_45.jpg,0
ArtemisArt/van-dyck - antoon-van-dyck_1599/van-dyck_49.jpg,0
ArtemisArt/van-dyck - antoon-van-dyck_1599/van-dyck_52.jpg,10
ArtemisArt/van-dyck - antoon-van-dyck_1599/van-dyck_56.jpg,11
ArtemisArt/van-dyck - antoon-van-dyck_1599/van-dyck_6.jpg,15
ArtemisArt/van-dyck - antoon-van-dyck_1599/van-dyck_63.jpg,8
ArtemisArt/van-dyck - antoon-van-dyck_1599/van-dyck_67.jpg,13
ArtemisArt/van-dyck - antoon-van-dyck_1599/van-dyck_70.jpg,4
ArtemisArt/van-dyck - antoon-van-dyck_1599/van-dyck_74.jpg,11
ArtemisArt/van-dyck - antoon-van-dyck_1599/van-dyck_78.jpg,0
ArtemisArt/van-eyck - jan-van-eyck_1390/van-eyck_10.jpg,7
ArtemisArt/van-eyck - jan-van-eyck_1390/van-eyck_14.jpg,13
ArtemisArt/van-eyck - jan-van-eyck_1390/van-eyck_18.jpg,8
ArtemisArt/van-eyck - jan-van-eyck_1390/van-eyck_21.jpg,8
ArtemisArt/van-eyck - jan-van-eyck_1390/van-eyck_5.jpg,8
ArtemisArt/van-eyck - jan-van-eyck_1390/van-eyck_9.jpg,15
ArtemisArt/van-gogh - vincent-van-gogh_1853/van-gogh_12.jpg,1
ArtemisArt/van-gogh - vincent-van-gogh_1853/van-gogh_16.jpg,1
ArtemisArt/van-gogh - vincent-van-gogh_1853/van-gogh_2.jpg,13
ArtemisArt/van-gogh - vincent-van-gogh_1853/van-gogh_23.jpg,8
ArtemisArt/van-gogh - vincent-van-gogh_1853/van-gogh_27.jpg,5
ArtemisArt/van-gogh - vincent-van-gogh_1853/van-gogh_30.jpg,1
ArtemisArt/van-gogh - vincent-van-gogh_1853/van-gogh_34.jpg,2
ArtemisArt/van-gogh - vincent-van-gogh_1853/van-gogh_38.jpg,6
ArtemisArt/van-gogh - vincent-van-gogh_1853/van-gogh_41.jpg,1
ArtemisArt/van-gogh - vincent-van-gogh_1853/van-gogh_45.jpg,15
ArtemisArt/van-gogh - vincent-van-gogh_1853/van-gogh_49.jpg,3
ArtemisArt/van-gogh - vincent-van-gogh_1853/van-gogh_52.jpg,5
ArtemisArt/van-gogh - vincent-van-gogh_1853/van-gogh_7.jpg,7
ArtemisArt/van-loo-lm - louis-michel-van-loo_1707/van-loo-lm_10.jpg,10
ArtemisArt/van-loo-lm - louis-michel-van-loo_1707/van-loo-lm_3.jpg,5
ArtemisArt/van-loo-lm - louis-michel-van-loo_1707/van-loo-lm_7.jpg,11
ArtemisArt/van-rees-duthil - adrienne-van-rees-duthil-dite-adya_1876/van-rees-duthil_10.jpg,14
ArtemisArt/van-rees-duthil - adrienne-van-rees-duthil-dite-adya_1876/van-rees-duthil_14.jpg,10
ArtemisArt/van-rees-duthil - adrienne-van-rees-duthil-dite-adya_1876/van-rees-duthil_18.jpg,12
ArtemisArt/van-rees-duthil - adrienne-van-rees-duthil-dite-adya_1876/van-rees-duthil_5.jpg,15
ArtemisArt/van-rees-duthil - adrienne-van-rees-duthil-dite-adya_1876/van-rees-duthil_9.jpg,15
ArtemisArt/van-rees-o - otto-van-rees-1884/van-rees-o_12.jpg,14
ArtemisArt/van-rees-o - otto-van-rees-1884/van-rees-o_16.jpg,10
ArtemisArt/van-rees-o - otto-van-rees-1884/van-rees-o_2.jpg,0
ArtemisArt/van-rees-o - otto-van-rees-1884/van-rees-o_23.jpg,1
ArtemisArt/van-rees-o - otto-van-rees-1884/van-rees-o_27.jpg,4
ArtemisArt/van-rees-o - otto-van-rees-1884/van-rees-o_30.jpg,2
ArtemisArt/van-rees-o - otto-van-rees-1884/van-rees-o_34.jpg,9
ArtemisArt/van-rees-o - otto-van-rees-1884/van-rees-o_38.jpg,0
ArtemisArt/van-rees-o - otto-van-rees-1884/van-rees-o_41.jpg,3
ArtemisArt/van-rees-o - otto-van-rees-1884/van-rees-o_45.jpg,9
ArtemisArt/van-rees-o - otto-van-rees-1884/van-rees-o_49.jpg,8
ArtemisArt/van-rees-o - otto-van-rees-1884/van-rees-o_52.jpg,5
ArtemisArt/van-rees-o - otto-van-rees-1884/van-rees-o_56.jpg,4
ArtemisArt/van-rees-o - otto-van-rees-1884/van-rees-o_6.jpg,7
ArtemisArt/van-rees-o - otto-van-rees-1884/van-rees-o_63.jpg,14
ArtemisArt/van-rees-o - otto-van-rees-1884/van-rees-o_67.jpg,2
ArtemisArt/van-ruisdael-s - salomon-van-ruisdael_1600/van-ruisdael-s_1.jpg,10
ArtemisArt/van-ruisdael-s - salomon-van-ruisdael_1600/van-ruisdael-s_13.jpg,10
ArtemisArt/van-ruisdael-s - salomon-van-ruisdael_1600/van-ruisdael-s_17.jpg,2
ArtemisArt/van-ruisdael-s - salomon-van-ruisdael_1600/van-ruisdael-s_20.jpg,4
ArtemisArt/van-ruisdael-s - salomon-van-ruisdael_1600/van-ruisdael-s_24.jpg,15
ArtemisArt/van-ruisdael-s - salomon-van-ruisdael_1600/van-ruisdael-s_3.jpg,6
ArtemisArt/van-ruisdael-s - salomon-van-ruisdael_1600/van-ruisdael-s_7.jpg,10
ArtemisArt/varo - remedios-varo_1908/varo_10.jpg,15
ArtemisArt/varo - remedios-varo_1908/varo_5.jpg,7
ArtemisArt/varo - remedios-varo_1908/varo_9.jpg,11
ArtemisArt/vasarely - victor-vasarhelyi-dit-vasarely_1906/vasarely_12.jpg,1
ArtemisArt/vasarely - victor-vasarhelyi-dit-vasarely_1906/vasarely_16.jpg,11
ArtemisArt/vasarely - victor-vasarhelyi-dit-vasarely_1906/vasarely_2.jpg,12
ArtemisArt/vasarely - victor-vasarhelyi-dit-vasarely_1906/vasarely_23.jpg,9
ArtemisArt/vasarely - victor-vasarhelyi-dit-vasarely_1906/vasarely_27.jpg,13
ArtemisArt/vasarely - victor-vasarhelyi-dit-vasarely_1906/vasarely_30.jpg,14
ArtemisArt/vasarely - victor-vasarhelyi-dit-vasarely_1906/vasarely_34.jpg,1
ArtemisArt/vasarely - victor-vasarhelyi-dit-vasarely_1906/vasarely_38.jpg,10
ArtemisArt/vasarely - victor-vasarhelyi-dit-vasarely_1906/vasarely_41.jpg,5
ArtemisArt/vasarely - victor-vasarhelyi-dit-vasarely_1906/vasarely_7.jpg,1
ArtemisArt/vasari - giorgio-vasari_1511/vasari_10.jpg,14
ArtemisArt/vasari - giorgio-vasari_1511/vasari_14.jpg,12
ArtemisArt/vasari - giorgio-vasari_1511/vasari_18.jpg,14
ArtemisArt/vasari - giorgio-vasari_1511/vasari_21.jpg,3
ArtemisArt/vasari - giorgio-vasari_1511/vasari_25.jpg,10
ArtemisArt/vasari - giorgio-vasari_1511/vasari_29.jpg,11
ArtemisArt/vasari - giorgio-vasari_1511/vasari_32.jpg,0
ArtemisArt/vasari - giorgio-vasari_1511/vasari_36.jpg,13
ArtemisArt/vasari - giorgio-vasari_1511/vasari_4.jpg,15
ArtemisArt/vasari - giorgio-vasari_1511/vasari_43.jpg,15
ArtemisArt/vasari - giorgio-vasari_1511/vasari_47.jpg,1
ArtemisArt/vasari - giorgio-vasari_1511/vasari_50.jpg,5
ArtemisArt/vasari - giorgio-vasari_1511/vasari_54.jpg,3
ArtemisArt/vasari - giorgio-vasari_1511/vasari_6.jpg,15
ArtemisArt/velasquez - diego-rodriguez-de-silva-y-velasquez_1599/velasquez_1.jpg,8
ArtemisArt/velasquez - diego-rodriguez-de-silva-y-velasquez_1599/velasquez_13.jpg,11
ArtemisArt/velasquez - diego-rodriguez-de-silva-y-velasquez_1599/velasquez_17.jpg,15
ArtemisArt/velasquez - diego-rodriguez-de-silva-y-velasquez_1599/velasquez_20.jpg,9
ArtemisArt/velasquez - diego-rodriguez-de-silva-y-velasquez_1599/velasquez_24.jpg,4
ArtemisArt/velasquez - diego-rodriguez-de-silva-y-velasquez_1599/velasquez_5.jpg,14
ArtemisArt/velasquez - diego-rodriguez-de-silva-y-velasquez_1599/velasquez_9.jpg,15
ArtemisArt/vernet-cj - claude-joseph-vernet_1714/vernet-cj_12.jpg,12
ArtemisArt/vernet-cj - claude-joseph-vernet_1714/vernet-cj_16.jpg,14
ArtemisArt/vernet-cj - claude-joseph-vernet_1714/vernet-cj_2.jpg,12
ArtemisArt/vernet-cj - claude-joseph-vernet_1714/vernet-cj_23.jpg,10
ArtemisArt/vernet-cj - claude-joseph-vernet_1714/vernet-cj_27.jpg,13
ArtemisArt/vernet-cj - claude-joseph-vernet_1714/vernet-cj_30.jpg,14
ArtemisArt/vernet-cj - claude-joseph-vernet_1714/vernet-cj_34.jpg,11
ArtemisArt/vernet-cj - claude-joseph-vernet_1714/vernet-cj_5.jpg,-1
ArtemisArt/vernet-cj - claude-joseph-vernet_1714/vernet-cj_9.jpg,7
ArtemisArt/vernet-h - emile-jean-horace-vernet _1789/vernet-h_12.jpg,7
ArtemisArt/vernet-h - emile-jean-horace-vernet _1789/vernet-h_16.jpg,13
ArtemisArt/vernet-h - emile-jean-horace-vernet _1789/vernet-h_2.jpg,7
ArtemisArt/vernet-h - emile-jean-horace-vernet _1789/vernet-h_23.jpg,6
ArtemisArt/vernet-h - emile-jean-horace-vernet _1789/vernet-h_27.jpg,4
ArtemisArt/vernet-h - emile-jean-horace-vernet _1789/vernet-h_30.jpg,14
ArtemisArt/vernet-h - emile-jean-horace-vernet _1789/vernet-h_34.jpg,15
ArtemisArt/vernet-h - emile-jean-horace-vernet _1789/vernet-h_38.jpg,10
ArtemisArt/vernet-h - emile-jean-horace-vernet _1789/vernet-h_5.jpg,12
ArtemisArt/vernet-h - emile-jean-horace-vernet _1789/vernet-h_9.jpg,9
ArtemisArt/veronese - paolo-caliari-dit-veronese_1528/veronese_11.jpg,9
ArtemisArt/veronese - paolo-caliari-dit-veronese_1528/veronese_15.jpg,4
ArtemisArt/veronese - paolo-caliari-dit-veronese_1528/veronese_19.jpg,7
ArtemisArt/veronese - paolo-caliari-dit-veronese_1528/veronese_22.jpg,13
ArtemisArt/veronese - paolo-caliari-dit-veronese_1528/veronese_26.jpg,8
ArtemisArt/veronese - paolo-caliari-dit-veronese_1528/veronese_3.jpg,10
ArtemisArt/veronese - paolo-caliari-dit-veronese_1528/veronese_33.jpg,14
ArtemisArt/veronese - paolo-caliari-dit-veronese_1528/veronese_37.jpg,9
ArtemisArt/veronese - paolo-caliari-dit-veronese_1528/veronese_40.jpg,8
ArtemisArt/veronese - paolo-caliari-dit-veronese_1528/veronese_44.jpg,4
ArtemisArt/veronese - paolo-caliari-dit-veronese_1528/veronese_48.jpg,5
ArtemisArt/veronese - paolo-caliari-dit-veronese_1528/veronese_51.jpg,9
ArtemisArt/veronese - paolo-caliari-dit-veronese_1528/veronese_55.jpg,7
ArtemisArt/veronese - paolo-caliari-dit-veronese_1528/veronese_59.jpg,6
ArtemisArt/veronese - paolo-caliari-dit-veronese_1528/veronese_62.jpg,12
ArtemisArt/veronese - paolo-caliari-dit-veronese_1528/veronese_66.jpg,9
ArtemisArt/veronese - paolo-caliari-dit-veronese_1528/veronese_7.jpg,9
ArtemisArt/veronese - paolo-caliari-dit-veronese_1528/veronese_73.jpg,10
ArtemisArt/veronese - paolo-caliari-dit-veronese_1528/veronese_77.jpg,14
ArtemisArt/veronese - paolo-caliari-dit-veronese_1528/veronese_80.jpg,6
ArtemisArt/veronese - paolo-caliari-dit-veronese_1528/veronese_84.jpg,0
ArtemisArt/veronese - paolo-caliari-dit-veronese_1528/veronese_88.jpg,0
ArtemisArt/veronese - paolo-caliari-dit-veronese_1528/veronese_91.jpg,11
ArtemisArt/veronese - paolo-caliari-dit-veronese_1528/veronese_95.jpg,4
ArtemisArt/veronese - paolo-caliari-dit-veronese_1528/veronese_99.jpg,5
ArtemisArt/vieira-da-silva - maria-helena-vieira-da-silva_1908/vieira-da-silva_12.jpg,11
ArtemisArt/vieira-da-silva - maria-helena-vieira-da-silva_1908/vieira-da-silva_16.jpg,0
ArtemisArt/vieira-da-silva - maria-helena-vieira-da-silva_1908/vieira-da-silva_2.jpg,4
ArtemisArt/vieira-da-silva - maria-helena-vieira-da-silva_1908/vieira-da-silva_3.jpg,15
ArtemisArt/vieira-da-silva - maria-helena-vieira-da-silva_1908/vieira-da-silva_7.jpg,6
ArtemisArt/vigee-le-brun - elisabeth-vigee-le-brun_1755/vigee-le-brun_10.jpg,0
ArtemisArt/vigee-le-brun - elisabeth-vigee-le-brun_1755/vigee-le-brun_14.jpg,4
ArtemisArt/vigee-le-brun - elisabeth-vigee-le-brun_1755/vigee-le-brun_18.jpg,10
ArtemisArt/vigee-le-brun - elisabeth-vigee-le-brun_1755/vigee-le-brun_21.jpg,12
ArtemisArt/vigee-le-brun - elisabeth-vigee-le-brun_1755/vigee-le-brun_25.jpg,8
ArtemisArt/vigee-le-brun - elisabeth-vigee-le-brun_1755/vigee-le-brun_29.jpg,7
ArtemisArt/vigee-le-brun - elisabeth-vigee-le-brun_1755/vigee-le-brun_32.jpg,6
ArtemisArt/vigee-le-brun - elisabeth-vigee-le-brun_1755/vigee-le-brun_36.jpg,9
ArtemisArt/vigee-le-brun - elisabeth-vigee-le-brun_1755/vigee-le-brun_4.jpg,4
ArtemisArt/vigee-le-brun - elisabeth-vigee-le-brun_1755/vigee-le-brun_8.jpg,5
ArtemisArt/vignon - claude-vignon_1593/vignon_11.jpg,9
ArtemisArt/vignon - claude-vignon_1593/vignon_15.jpg,15
ArtemisArt/vignon - claude-vignon_1593/vignon_4.jpg,4
ArtemisArt/vignon - claude-vignon_1593/vignon_8.jpg,4
ArtemisArt/villon - gaston-duchamp-dit-jacques-villon_1875/villon_3.jpg,10
ArtemisArt/villon - gaston-duchamp-dit-jacques-villon_1875/villon_7.jpg,4
ArtemisArt/vivarini - antonio-vivarini-dit-da-murano_1415/vivarini_10.jpg,4
ArtemisArt/vivarini - antonio-vivarini-dit-da-murano_1415/vivarini_2.jpg,9
ArtemisArt/vivarini - antonio-vivarini-dit-da-murano_1415/vivarini_6.jpg,10
ArtemisArt/vlaminck - maurice-de-vlaminck_1876/vlaminck_1.jpg,14
ArtemisArt/vlaminck - maurice-de-vlaminck_1876/vlaminck_5.jpg,14
ArtemisArt/voet - jacob-ferdinand-voet_1639/voet_1.jpg,9
ArtemisArt/voet - jacob-ferdinand-voet_1639/voet_5.jpg,9
ArtemisArt/voet - jacob-ferdinand-voet_1639/voet_9.jpg,10
ArtemisArt/vouet-s - simon-vouet_1590/vouet-s_12.jpg,4
ArtemisArt/vouet-s - simon-vouet_1590/vouet-s_16.jpg,4
ArtemisArt/vouet-s - simon-vouet_1590/vouet-s_2.jpg,2
ArtemisArt/vouet-s - simon-vouet_1590/vouet-s_23.jpg,4
ArtemisArt/vouet-s - simon-vouet_1590/vouet-s_27.jpg,8
ArtemisArt/vouet-s - simon-vouet_1590/vouet-s_30.jpg,14
ArtemisArt/vouet-s - simon-vouet_1590/vouet-s_34.jpg,8
ArtemisArt/vouet-s - simon-vouet_1590/vouet-s_4.jpg,8
ArtemisArt/vouet-s - simon-vouet_1590/vouet-s_8.jpg,2
ArtemisArt/vuillard - edouard-vuillard_1868/vuillard_11.jpg,4
ArtemisArt/vuillard - edouard-vuillard_1868/vuillard_15.jpg,13
ArtemisArt/vuillard - edouard-vuillard_1868/vuillard_19.jpg,4
ArtemisArt/vuillard - edouard-vuillard_1868/vuillard_22.jpg,10
ArtemisArt/vuillard - edouard-vuillard_1868/vuillard_26.jpg,12
ArtemisArt/vuillard - edouard-vuillard_1868/vuillard_3.jpg,4
ArtemisArt/vuillard - edouard-vuillard_1868/vuillard_33.jpg,5
ArtemisArt/vuillard - edouard-vuillard_1868/vuillard_37.jpg,2
ArtemisArt/vuillard - edouard-vuillard_1868/vuillard_40.jpg,3
ArtemisArt/vuillard - edouard-vuillard_1868/vuillard_44.jpg,8
ArtemisArt/vuillard - edouard-vuillard_1868/vuillard_48.jpg,5
ArtemisArt/vuillard - edouard-vuillard_1868/vuillard_51.jpg,3
ArtemisArt/vuillard - edouard-vuillard_1868/vuillard_55.jpg,15
ArtemisArt/vuillard - edouard-vuillard_1868/vuillard_8.jpg,4
ArtemisArt/warhol - andy-warhol_1928/warhol_11.jpg,2
ArtemisArt/warhol - andy-warhol_1928/warhol_15.jpg,12
ArtemisArt/warhol - andy-warhol_1928/warhol_19.jpg,7
ArtemisArt/warhol - andy-warhol_1928/warhol_22.jpg,4
ArtemisArt/warhol - andy-warhol_1928/warhol_26.jpg,10
ArtemisArt/warhol - andy-warhol_1928/warhol_3.jpg,4
ArtemisArt/warhol - andy-warhol_1928/warhol_7.jpg,4
ArtemisArt/watteau-a - jean-antoine-watteau_1684/watteau-a_10.jpg,15
ArtemisArt/watteau-a - jean-antoine-watteau_1684/watteau-a_14.jpg,11
ArtemisArt/watteau-a - jean-antoine-watteau_1684/watteau-a_18.jpg,11
ArtemisArt/watteau-a - jean-antoine-watteau_1684/watteau-a_21.jpg,11
ArtemisArt/watteau-a - jean-antoine-watteau_1684/watteau-a_25.jpg,12
ArtemisArt/watteau-a - jean-antoine-watteau_1684/watteau-a_29.jpg,12
ArtemisArt/watteau-a - jean-antoine-watteau_1684/watteau-a_32.jpg,10
ArtemisArt/watteau-a - jean-antoine-watteau_1684/watteau-a_36.jpg,4
ArtemisArt/watteau-a - jean-antoine-watteau_1684/watteau-a_4.jpg,15
ArtemisArt/watteau-a - jean-antoine-watteau_1684/watteau-a_43.jpg,9
ArtemisArt/watteau-a - jean-antoine-watteau_1684/watteau-a_5.jpg,6
ArtemisArt/watteau-a - jean-antoine-watteau_1684/watteau-a_9.jpg,9
ArtemisArt/watts - georges-frederic-watts_1817/watts_2.jpg,2
ArtemisArt/watts - georges-frederic-watts_1817/watts_6.jpg,15
ArtemisArt/weenix - jan-weenix_1642/weenix_1.jpg,2
ArtemisArt/weenix - jan-weenix_1642/weenix_5.jpg,12
ArtemisArt/whistler - james-whistler_1834/whistler_1.jpg,4
ArtemisArt/whistler - james-whistler_1834/whistler_13.jpg,3
ArtemisArt/whistler - james-whistler_1834/whistler_17.jpg,9
ArtemisArt/whistler - james-whistler_1834/whistler_20.jpg,6
ArtemisArt/whistler - james-whistler_1834/whistler_24.jpg,3
ArtemisArt/whistler - james-whistler_1834/whistler_28.jpg,5
ArtemisArt/whistler - james-whistler_1834/whistler_31.jpg,6
ArtemisArt/whistler - james-whistler_1834/whistler_35.jpg,4
ArtemisArt/whistler - james-whistler_1834/whistler_39.jpg,14
ArtemisArt/whistler - james-whistler_1834/whistler_7.jpg,13
ArtemisArt/winterhalter - franz-xaver-winterhalter_1805/winterhalter_10.jpg,4
ArtemisArt/winterhalter - franz-xaver-winterhalter_1805/winterhalter_4.jpg,12
ArtemisArt/winterhalter - franz-xaver-winterhalter_1805/winterhalter_8.jpg,10
ArtemisArt/wouwerman - philips-wouwerman_1619/wouwerman_11.jpg,5
ArtemisArt/wouwerman - philips-wouwerman_1619/wouwerman_2.jpg,11
ArtemisArt/wouwerman - philips-wouwerman_1619/wouwerman_6.jpg,15
ArtemisArt/xie - xie-lei_1983/xie_1.jpg,4
ArtemisArt/xie - xie-lei_1983/xie_5.jpg,10
ArtemisArt/yan - yan-pei-ming_1960/yan_1.jpg,6
ArtemisArt/yan - yan-pei-ming_1960/yan_13.jpg,3
ArtemisArt/yan - yan-pei-ming_1960/yan_17.jpg,0
ArtemisArt/yan - yan-pei-ming_1960/yan_20.jpg,14
ArtemisArt/yan - yan-pei-ming_1960/yan_4.jpg,5
ArtemisArt/yan - yan-pei-ming_1960/yan_8.jpg,0
ArtemisArt/zao - zao-wou-ki_1920/zao_11.jpg,2
ArtemisArt/zao - zao-wou-ki_1920/zao_15.jpg,9
ArtemisArt/zao - zao-wou-ki_1920/zao_19.jpg,13
ArtemisArt/zao - zao-wou-ki_1920/zao_22.jpg,2
ArtemisArt/zao - zao-wou-ki_1920/zao_26.jpg,14
ArtemisArt/zao - zao-wou-ki_1920/zao_3.jpg,11
ArtemisArt/zao - zao-wou-ki_1920/zao_7.jpg,7
ArtemisArt/zurbaran - francisco-de-zurbaran_1618/zurbaran_10.jpg,0
ArtemisArt/zurbaran - francisco-de-zurbaran_1618/zurbaran_14.jpg,4
ArtemisArt/zurbaran - francisco-de-zurbaran_1618/zurbaran_18.jpg,14
ArtemisArt/zurbaran - francisco-de-zurbaran_1618/zurbaran_21.jpg,8
ArtemisArt/zurbaran - francisco-de-zurbaran_1618/zurbaran_25.jpg,4
ArtemisArt/zurbaran - francisco-de-zurbaran_1618/zurbaran_29.jpg,10
ArtemisArt/zurbaran - francisco-de-zurbaran_1618/zurbaran_32.jpg,14
ArtemisArt/zurbaran - francisco-de-zurbaran_1618/zurbaran_36.jpg,1
ArtemisArt/zurbaran - francisco-de-zurbaran_1618/zurbaran_4.jpg,13
ArtemisArt/zurbaran - francisco-de-zurbaran_1618/zurbaran_43.jpg,1
ArtemisArt/zurbaran - francisco-de-zurbaran_1618/zurbaran_47.jpg,5
ArtemisArt/zurbaran - francisco-de-zurbaran_1618/zurbaran_50.jpg,3
ArtemisArt/zurbaran - francisco-de-zurbaran_1618/zurbaran_9.jpg,7
